object_name,compartment,samples,frac_inside_body,outside_samples,watertight,faces,stl_path
Phar_Gland_g1_R,digestive_system,2240,1.0,0,True,2240,/home/asunkari/ros-worm/openworm_geometry/object_stls_repaired_meshfix_defective/stl/Phar_Gland_g1_R.stl
Phar_Gland_g2_VR,digestive_system,1984,1.0,0,True,1984,/home/asunkari/ros-worm/openworm_geometry/object_stls_repaired_meshfix_defective/stl/Phar_Gland_g2_VR.stl
Phar_Gland_Dorsal_g2,digestive_system,4160,1.0,0,True,4160,/home/asunkari/ros-worm/openworm_geometry/object_stls_repaired_meshfix_defective/stl/Phar_Gland_Dorsal_g2.stl
Arcade_Cell_Ant,digestive_system,5000,1.0,0,True,15628,/home/asunkari/ros-worm/openworm_geometry/object_stls_repaired_meshfix_defective/stl/Arcade_Cell_Ant.stl
Arcade_Cell_Post,digestive_system,5000,1.0,0,True,13620,/home/asunkari/ros-worm/openworm_geometry/object_stls_repaired_meshfix_defective/stl/Arcade_Cell_Post.stl
e1VR,digestive_system,2624,1.0,0,True,2624,/home/asunkari/ros-worm/openworm_geometry/object_stls_repaired_meshfix_defective/stl/e1VR.stl
e3VR,digestive_system,2736,1.0,0,True,2736,/home/asunkari/ros-worm/openworm_geometry/object_stls_repaired_meshfix_defective/stl/e3VR.stl
e2DR,digestive_system,4368,1.0,0,True,4368,/home/asunkari/ros-worm/openworm_geometry/object_stls_repaired_meshfix_defective/stl/e2DR.stl
e2DL,digestive_system,4112,1.0,0,True,4112,/home/asunkari/ros-worm/openworm_geometry/object_stls_repaired_meshfix_defective/stl/e2DL.stl
e3D,digestive_system,3040,1.0,0,True,3040,/home/asunkari/ros-worm/openworm_geometry/object_stls_repaired_meshfix_defective/stl/e3D.stl
e1D,digestive_system,3392,1.0,0,True,3392,/home/asunkari/ros-worm/openworm_geometry/object_stls_repaired_meshfix_defective/stl/e1D.stl
e2V,digestive_system,4528,1.0,0,True,4528,/home/asunkari/ros-worm/openworm_geometry/object_stls_repaired_meshfix_defective/stl/e2V.stl
pm1,digestive_system,5000,1.0,0,True,10048,/home/asunkari/ros-worm/openworm_geometry/object_stls_repaired_meshfix_defective/stl/pm1.stl
pm2VR,digestive_system,4800,1.0,0,True,4800,/home/asunkari/ros-worm/openworm_geometry/object_stls_repaired_meshfix_defective/stl/pm2VR.stl
pm2VL,digestive_system,4608,1.0,0,True,4608,/home/asunkari/ros-worm/openworm_geometry/object_stls_repaired_meshfix_defective/stl/pm2VL.stl
pm2D,digestive_system,4544,1.0,0,True,4544,/home/asunkari/ros-worm/openworm_geometry/object_stls_repaired_meshfix_defective/stl/pm2D.stl
mc3DR,digestive_system,5000,1.0,0,True,6992,/home/asunkari/ros-worm/openworm_geometry/object_stls_repaired_meshfix_defective/stl/mc3DR.stl
mc2V,digestive_system,5000,1.0,0,True,6368,/home/asunkari/ros-worm/openworm_geometry/object_stls_repaired_meshfix_defective/stl/mc2V.stl
mc2DR,digestive_system,5000,1.0,0,True,6336,/home/asunkari/ros-worm/openworm_geometry/object_stls_repaired_meshfix_defective/stl/mc2DR.stl
mc1V,digestive_system,5000,1.0,0,True,9024,/home/asunkari/ros-worm/openworm_geometry/object_stls_repaired_meshfix_defective/stl/mc1V.stl
mc1DR,digestive_system,5000,1.0,0,True,9312,/home/asunkari/ros-worm/openworm_geometry/object_stls_repaired_meshfix_defective/stl/mc1DR.stl
pm8,digestive_system,896,1.0,0,True,896,/home/asunkari/ros-worm/openworm_geometry/object_stls_repaired_meshfix_defective/stl/pm8.stl
mc3V,digestive_system,5000,1.0,0,True,6176,/home/asunkari/ros-worm/openworm_geometry/object_stls_repaired_meshfix_defective/stl/mc3V.stl
pm7VL,digestive_system,4624,1.0,0,True,4624,/home/asunkari/ros-worm/openworm_geometry/object_stls_repaired_meshfix_defective/stl/pm7VL.stl
pm7D,digestive_system,5000,1.0,0,True,5184,/home/asunkari/ros-worm/openworm_geometry/object_stls_repaired_meshfix_defective/stl/pm7D.stl
pm6VL,digestive_system,5000,1.0,0,True,5536,/home/asunkari/ros-worm/openworm_geometry/object_stls_repaired_meshfix_defective/stl/pm6VL.stl
pm6D,digestive_system,1128,1.0,0,True,1128,/home/asunkari/ros-worm/openworm_geometry/object_stls_repaired_meshfix_defective/stl/pm6D.stl
mc3DL,digestive_system,1748,1.0,0,True,1748,/home/asunkari/ros-worm/openworm_geometry/object_stls_repaired_meshfix_defective/stl/mc3DL.stl
pm6VR,digestive_system,5000,1.0,0,True,5024,/home/asunkari/ros-worm/openworm_geometry/object_stls_repaired_meshfix_defective/stl/pm6VR.stl
pm5VL,digestive_system,5000,1.0,0,True,5008,/home/asunkari/ros-worm/openworm_geometry/object_stls_repaired_meshfix_defective/stl/pm5VL.stl
pm5D,digestive_system,5000,1.0,0,True,5376,/home/asunkari/ros-worm/openworm_geometry/object_stls_repaired_meshfix_defective/stl/pm5D.stl
mc2DL,digestive_system,5000,1.0,0,True,6336,/home/asunkari/ros-worm/openworm_geometry/object_stls_repaired_meshfix_defective/stl/mc2DL.stl
pm5VR,digestive_system,4368,1.0,0,True,4368,/home/asunkari/ros-worm/openworm_geometry/object_stls_repaired_meshfix_defective/stl/pm5VR.stl
pm4VL,digestive_system,3376,1.0,0,True,3376,/home/asunkari/ros-worm/openworm_geometry/object_stls_repaired_meshfix_defective/stl/pm4VL.stl
pm4D,digestive_system,3218,1.0,0,True,3218,/home/asunkari/ros-worm/openworm_geometry/object_stls_repaired_meshfix_defective/stl/pm4D.stl
e3VL,digestive_system,2736,1.0,0,True,2736,/home/asunkari/ros-worm/openworm_geometry/object_stls_repaired_meshfix_defective/stl/e3VL.stl
e1VL,digestive_system,2624,1.0,0,True,2624,/home/asunkari/ros-worm/openworm_geometry/object_stls_repaired_meshfix_defective/stl/e1VL.stl
Phar_Gland_g1_L,digestive_system,5000,1.0,0,True,10176,/home/asunkari/ros-worm/openworm_geometry/object_stls_repaired_meshfix_defective/stl/Phar_Gland_g1_L.stl
Phar_Gland_g2_VL,digestive_system,1984,1.0,0,True,1984,/home/asunkari/ros-worm/openworm_geometry/object_stls_repaired_meshfix_defective/stl/Phar_Gland_g2_VL.stl
pm4VR,digestive_system,3392,1.0,0,True,3392,/home/asunkari/ros-worm/openworm_geometry/object_stls_repaired_meshfix_defective/stl/pm4VR.stl
pm3VL,digestive_system,5000,1.0,0,True,6576,/home/asunkari/ros-worm/openworm_geometry/object_stls_repaired_meshfix_defective/stl/pm3VL.stl
pm3D,digestive_system,5000,1.0,0,True,5232,/home/asunkari/ros-worm/openworm_geometry/object_stls_repaired_meshfix_defective/stl/pm3D.stl
mc1DL,digestive_system,5000,1.0,0,True,9312,/home/asunkari/ros-worm/openworm_geometry/object_stls_repaired_meshfix_defective/stl/mc1DL.stl
pm3VR,digestive_system,5000,1.0,0,True,6320,/home/asunkari/ros-worm/openworm_geometry/object_stls_repaired_meshfix_defective/stl/pm3VR.stl
pm7VR,digestive_system,4768,1.0,0,True,4768,/home/asunkari/ros-worm/openworm_geometry/object_stls_repaired_meshfix_defective/stl/pm7VR.stl
Sp_bag_P_4R,reproductive_rectal_system,1216,1.0,0,True,1216,/home/asunkari/ros-worm/openworm_geometry/object_stls_repaired_meshfix_defective/stl/Sp_bag_P_4R.stl
Sp_neck_P_1L,reproductive_rectal_system,2304,1.0,0,True,2304,/home/asunkari/ros-worm/openworm_geometry/object_stls_repaired_meshfix_defective/stl/Sp_neck_P_1L.stl
Sp_neck_P_1R,reproductive_rectal_system,2304,1.0,0,True,2304,/home/asunkari/ros-worm/openworm_geometry/object_stls_repaired_meshfix_defective/stl/Sp_neck_P_1R.stl
Sp_neck_P_2L,reproductive_rectal_system,2368,1.0,0,True,2368,/home/asunkari/ros-worm/openworm_geometry/object_stls_repaired_meshfix_defective/stl/Sp_neck_P_2L.stl
Sp_neck_P_3R,reproductive_rectal_system,2432,1.0,0,True,2432,/home/asunkari/ros-worm/openworm_geometry/object_stls_repaired_meshfix_defective/stl/Sp_neck_P_3R.stl
Sp_neck_P_4L,reproductive_rectal_system,2432,1.0,0,True,2432,/home/asunkari/ros-worm/openworm_geometry/object_stls_repaired_meshfix_defective/stl/Sp_neck_P_4L.stl
Sp_neck_P_3L,reproductive_rectal_system,2432,1.0,0,True,2432,/home/asunkari/ros-worm/openworm_geometry/object_stls_repaired_meshfix_defective/stl/Sp_neck_P_3L.stl
Sp_neck_P_2R,reproductive_rectal_system,2368,1.0,0,True,2368,/home/asunkari/ros-worm/openworm_geometry/object_stls_repaired_meshfix_defective/stl/Sp_neck_P_2R.stl
Sp_neck_P_4R,reproductive_rectal_system,2432,1.0,0,True,2432,/home/asunkari/ros-worm/openworm_geometry/object_stls_repaired_meshfix_defective/stl/Sp_neck_P_4R.stl
Sp_bag_P_1V,reproductive_rectal_system,5000,1.0,0,True,6144,/home/asunkari/ros-worm/openworm_geometry/object_stls_repaired_meshfix_defective/stl/Sp_bag_P_1V.stl
Sp_bag_P_2R,reproductive_rectal_system,1216,1.0,0,True,1216,/home/asunkari/ros-worm/openworm_geometry/object_stls_repaired_meshfix_defective/stl/Sp_bag_P_2R.stl
Sp_bag_P_3V,reproductive_rectal_system,1216,1.0,0,True,1216,/home/asunkari/ros-worm/openworm_geometry/object_stls_repaired_meshfix_defective/stl/Sp_bag_P_3V.stl
Sp_bag_P_1D,reproductive_rectal_system,5000,1.0,0,True,6144,/home/asunkari/ros-worm/openworm_geometry/object_stls_repaired_meshfix_defective/stl/Sp_bag_P_1D.stl
Sp_bag_P_1R,reproductive_rectal_system,5000,1.0,0,True,6144,/home/asunkari/ros-worm/openworm_geometry/object_stls_repaired_meshfix_defective/stl/Sp_bag_P_1R.stl
Sp_bag_P_1L,reproductive_rectal_system,5000,1.0,0,True,6144,/home/asunkari/ros-worm/openworm_geometry/object_stls_repaired_meshfix_defective/stl/Sp_bag_P_1L.stl
Sp_bag_P_2D,reproductive_rectal_system,1216,1.0,0,True,1216,/home/asunkari/ros-worm/openworm_geometry/object_stls_repaired_meshfix_defective/stl/Sp_bag_P_2D.stl
Sp_bag_P_2L,reproductive_rectal_system,1216,1.0,0,True,1216,/home/asunkari/ros-worm/openworm_geometry/object_stls_repaired_meshfix_defective/stl/Sp_bag_P_2L.stl
Sp_bag_P_2V,reproductive_rectal_system,1216,1.0,0,True,1216,/home/asunkari/ros-worm/openworm_geometry/object_stls_repaired_meshfix_defective/stl/Sp_bag_P_2V.stl
Sp_bag_P_3D,reproductive_rectal_system,1216,1.0,0,True,1216,/home/asunkari/ros-worm/openworm_geometry/object_stls_repaired_meshfix_defective/stl/Sp_bag_P_3D.stl
Sp_bag_P_3L,reproductive_rectal_system,1216,1.0,0,True,1216,/home/asunkari/ros-worm/openworm_geometry/object_stls_repaired_meshfix_defective/stl/Sp_bag_P_3L.stl
Sp_bag_P_3R,reproductive_rectal_system,1216,1.0,0,True,1216,/home/asunkari/ros-worm/openworm_geometry/object_stls_repaired_meshfix_defective/stl/Sp_bag_P_3R.stl
Sp_bag_P_4D,reproductive_rectal_system,1216,1.0,0,True,1216,/home/asunkari/ros-worm/openworm_geometry/object_stls_repaired_meshfix_defective/stl/Sp_bag_P_4D.stl
Sp_bag_P_4L,reproductive_rectal_system,1216,1.0,0,True,1216,/home/asunkari/ros-worm/openworm_geometry/object_stls_repaired_meshfix_defective/stl/Sp_bag_P_4L.stl
Sp_bag_P_4V,reproductive_rectal_system,1216,1.0,0,True,1216,/home/asunkari/ros-worm/openworm_geometry/object_stls_repaired_meshfix_defective/stl/Sp_bag_P_4V.stl
Sp_bag_A_4V,reproductive_rectal_system,1216,1.0,0,True,1216,/home/asunkari/ros-worm/openworm_geometry/object_stls_repaired_meshfix_defective/stl/Sp_bag_A_4V.stl
Sp_bag_A_4R,reproductive_rectal_system,1216,1.0,0,True,1216,/home/asunkari/ros-worm/openworm_geometry/object_stls_repaired_meshfix_defective/stl/Sp_bag_A_4R.stl
Sp_bag_A_4D,reproductive_rectal_system,1216,1.0,0,True,1216,/home/asunkari/ros-worm/openworm_geometry/object_stls_repaired_meshfix_defective/stl/Sp_bag_A_4D.stl
Sp_bag_A_3L,reproductive_rectal_system,1216,1.0,0,True,1216,/home/asunkari/ros-worm/openworm_geometry/object_stls_repaired_meshfix_defective/stl/Sp_bag_A_3L.stl
Sp_bag_A_3R,reproductive_rectal_system,1216,1.0,0,True,1216,/home/asunkari/ros-worm/openworm_geometry/object_stls_repaired_meshfix_defective/stl/Sp_bag_A_3R.stl
Sp_bag_A_3D,reproductive_rectal_system,1216,1.0,0,True,1216,/home/asunkari/ros-worm/openworm_geometry/object_stls_repaired_meshfix_defective/stl/Sp_bag_A_3D.stl
Sp_bag_A_2V,reproductive_rectal_system,1216,1.0,0,True,1216,/home/asunkari/ros-worm/openworm_geometry/object_stls_repaired_meshfix_defective/stl/Sp_bag_A_2V.stl
Sp_bag_A_2R,reproductive_rectal_system,1216,1.0,0,True,1216,/home/asunkari/ros-worm/openworm_geometry/object_stls_repaired_meshfix_defective/stl/Sp_bag_A_2R.stl
Sp_bag_A_2D,reproductive_rectal_system,1216,1.0,0,True,1216,/home/asunkari/ros-worm/openworm_geometry/object_stls_repaired_meshfix_defective/stl/Sp_bag_A_2D.stl
Sp_bag_A_1R,reproductive_rectal_system,5000,1.0,0,True,6144,/home/asunkari/ros-worm/openworm_geometry/object_stls_repaired_meshfix_defective/stl/Sp_bag_A_1R.stl
Sp_bag_A_1L,reproductive_rectal_system,5000,1.0,0,True,6144,/home/asunkari/ros-worm/openworm_geometry/object_stls_repaired_meshfix_defective/stl/Sp_bag_A_1L.stl
Sp_bag_A_1D,reproductive_rectal_system,5000,1.0,0,True,6144,/home/asunkari/ros-worm/openworm_geometry/object_stls_repaired_meshfix_defective/stl/Sp_bag_A_1D.stl
Sp_bag_A_3V,reproductive_rectal_system,1216,1.0,0,True,1216,/home/asunkari/ros-worm/openworm_geometry/object_stls_repaired_meshfix_defective/stl/Sp_bag_A_3V.stl
Sp_bag_A_2L,reproductive_rectal_system,1216,1.0,0,True,1216,/home/asunkari/ros-worm/openworm_geometry/object_stls_repaired_meshfix_defective/stl/Sp_bag_A_2L.stl
Sp_bag_A_1V,reproductive_rectal_system,5000,1.0,0,True,6144,/home/asunkari/ros-worm/openworm_geometry/object_stls_repaired_meshfix_defective/stl/Sp_bag_A_1V.stl
Sp_neck_A_4L,reproductive_rectal_system,2432,1.0,0,True,2432,/home/asunkari/ros-worm/openworm_geometry/object_stls_repaired_meshfix_defective/stl/Sp_neck_A_4L.stl
Sp_neck_A_2L,reproductive_rectal_system,2368,1.0,0,True,2368,/home/asunkari/ros-worm/openworm_geometry/object_stls_repaired_meshfix_defective/stl/Sp_neck_A_2L.stl
Sp_neck_A_3R,reproductive_rectal_system,2432,1.0,0,True,2432,/home/asunkari/ros-worm/openworm_geometry/object_stls_repaired_meshfix_defective/stl/Sp_neck_A_3R.stl
Sp_neck_A_4R,reproductive_rectal_system,2432,1.0,0,True,2432,/home/asunkari/ros-worm/openworm_geometry/object_stls_repaired_meshfix_defective/stl/Sp_neck_A_4R.stl
Sp_neck_A_3L,reproductive_rectal_system,2432,1.0,0,True,2432,/home/asunkari/ros-worm/openworm_geometry/object_stls_repaired_meshfix_defective/stl/Sp_neck_A_3L.stl
Sp_neck_A_2R,reproductive_rectal_system,2368,1.0,0,True,2368,/home/asunkari/ros-worm/openworm_geometry/object_stls_repaired_meshfix_defective/stl/Sp_neck_A_2R.stl
Sp_neck_A_1L,reproductive_rectal_system,2304,1.0,0,True,2304,/home/asunkari/ros-worm/openworm_geometry/object_stls_repaired_meshfix_defective/stl/Sp_neck_A_1L.stl
Sp_neck_A_1R,reproductive_rectal_system,2304,1.0,0,True,2304,/home/asunkari/ros-worm/openworm_geometry/object_stls_repaired_meshfix_defective/stl/Sp_neck_A_1R.stl
Sp_bag_A_4L,reproductive_rectal_system,1216,1.0,0,True,1216,/home/asunkari/ros-worm/openworm_geometry/object_stls_repaired_meshfix_defective/stl/Sp_bag_A_4L.stl
Gonadal_Sheath_A5D,reproductive_rectal_system,3040,1.0,0,True,3040,/home/asunkari/ros-worm/openworm_geometry/object_stls_repaired_meshfix_defective/stl/Gonadal_Sheath_A5D.stl
Gonadal_Sheath_A4D,reproductive_rectal_system,2016,1.0,0,True,2016,/home/asunkari/ros-worm/openworm_geometry/object_stls_repaired_meshfix_defective/stl/Gonadal_Sheath_A4D.stl
Gonadal_Sheath_P5D,reproductive_rectal_system,2800,1.0,0,True,2800,/home/asunkari/ros-worm/openworm_geometry/object_stls_repaired_meshfix_defective/stl/Gonadal_Sheath_P5D.stl
Gonadal_Sheath_P4D,reproductive_rectal_system,2016,1.0,0,True,2016,/home/asunkari/ros-worm/openworm_geometry/object_stls_repaired_meshfix_defective/stl/Gonadal_Sheath_P4D.stl
Gonadal_Sheath_P3L,reproductive_rectal_system,2208,1.0,0,True,2208,/home/asunkari/ros-worm/openworm_geometry/object_stls_repaired_meshfix_defective/stl/Gonadal_Sheath_P3L.stl
Gonadal_Sheath_P2L,reproductive_rectal_system,2912,1.0,0,True,2912,/home/asunkari/ros-worm/openworm_geometry/object_stls_repaired_meshfix_defective/stl/Gonadal_Sheath_P2L.stl
Gonadal_Sheath_P1L,reproductive_rectal_system,5000,1.0,0,True,6496,/home/asunkari/ros-worm/openworm_geometry/object_stls_repaired_meshfix_defective/stl/Gonadal_Sheath_P1L.stl
Gonadal_Sheath_A3L,reproductive_rectal_system,1760,1.0,0,True,1760,/home/asunkari/ros-worm/openworm_geometry/object_stls_repaired_meshfix_defective/stl/Gonadal_Sheath_A3L.stl
Gonadal_Sheath_A2L,reproductive_rectal_system,2208,1.0,0,True,2208,/home/asunkari/ros-worm/openworm_geometry/object_stls_repaired_meshfix_defective/stl/Gonadal_Sheath_A2L.stl
Gonadal_Sheath_A1L,reproductive_rectal_system,5000,1.0,0,True,6256,/home/asunkari/ros-worm/openworm_geometry/object_stls_repaired_meshfix_defective/stl/Gonadal_Sheath_A1L.stl
Rachis_P,reproductive_rectal_system,3570,1.0,0,True,3570,/home/asunkari/ros-worm/openworm_geometry/object_stls_repaired_meshfix_defective/stl/Rachis_P.stl
Rachis_A,reproductive_rectal_system,3214,1.0,0,True,3214,/home/asunkari/ros-worm/openworm_geometry/object_stls_repaired_meshfix_defective/stl/Rachis_A.stl
Gonadal_Sheath_P4V,reproductive_rectal_system,1504,1.0,0,True,1504,/home/asunkari/ros-worm/openworm_geometry/object_stls_repaired_meshfix_defective/stl/Gonadal_Sheath_P4V.stl
Gonadal_Sheath_P3R,reproductive_rectal_system,2208,1.0,0,True,2208,/home/asunkari/ros-worm/openworm_geometry/object_stls_repaired_meshfix_defective/stl/Gonadal_Sheath_P3R.stl
Gonadal_Sheath_P2R,reproductive_rectal_system,2912,1.0,0,True,2912,/home/asunkari/ros-worm/openworm_geometry/object_stls_repaired_meshfix_defective/stl/Gonadal_Sheath_P2R.stl
Gonadal_Sheath_P1R,reproductive_rectal_system,5000,1.0,0,True,6496,/home/asunkari/ros-worm/openworm_geometry/object_stls_repaired_meshfix_defective/stl/Gonadal_Sheath_P1R.stl
Gonadal_Sheath_A4V,reproductive_rectal_system,1504,1.0,0,True,1504,/home/asunkari/ros-worm/openworm_geometry/object_stls_repaired_meshfix_defective/stl/Gonadal_Sheath_A4V.stl
Gonadal_Sheath_A3R,reproductive_rectal_system,1760,1.0,0,True,1760,/home/asunkari/ros-worm/openworm_geometry/object_stls_repaired_meshfix_defective/stl/Gonadal_Sheath_A3R.stl
Gonadal_Sheath_A2R,reproductive_rectal_system,2208,1.0,0,True,2208,/home/asunkari/ros-worm/openworm_geometry/object_stls_repaired_meshfix_defective/stl/Gonadal_Sheath_A2R.stl
Gonadal_Sheath_A1R,reproductive_rectal_system,5000,1.0,0,True,6256,/home/asunkari/ros-worm/openworm_geometry/object_stls_repaired_meshfix_defective/stl/Gonadal_Sheath_A1R.stl
vm1L_Ant,reproductive_rectal_system,576,1.0,0,True,576,/home/asunkari/ros-worm/openworm_geometry/object_stls_repaired_meshfix_defective/stl/vm1L_Ant.stl
vm2R_Ant,reproductive_rectal_system,576,1.0,0,True,576,/home/asunkari/ros-worm/openworm_geometry/object_stls_repaired_meshfix_defective/stl/vm2R_Ant.stl
vm2L_Post,reproductive_rectal_system,576,1.0,0,True,576,/home/asunkari/ros-worm/openworm_geometry/object_stls_repaired_meshfix_defective/stl/vm2L_Post.stl
um1L_Post,reproductive_rectal_system,1344,1.0,0,True,1344,/home/asunkari/ros-worm/openworm_geometry/object_stls_repaired_meshfix_defective/stl/um1L_Post.stl
um1L_Ant,reproductive_rectal_system,1216,1.0,0,True,1216,/home/asunkari/ros-worm/openworm_geometry/object_stls_repaired_meshfix_defective/stl/um1L_Ant.stl
um1R_Post,reproductive_rectal_system,1216,1.0,0,True,1216,/home/asunkari/ros-worm/openworm_geometry/object_stls_repaired_meshfix_defective/stl/um1R_Post.stl
um2L_Post,reproductive_rectal_system,3776,1.0,0,True,3776,/home/asunkari/ros-worm/openworm_geometry/object_stls_repaired_meshfix_defective/stl/um2L_Post.stl
um2L_Ant,reproductive_rectal_system,3776,1.0,0,True,3776,/home/asunkari/ros-worm/openworm_geometry/object_stls_repaired_meshfix_defective/stl/um2L_Ant.stl
ut2_Ant,reproductive_rectal_system,2048,1.0,0,True,2048,/home/asunkari/ros-worm/openworm_geometry/object_stls_repaired_meshfix_defective/stl/ut2_Ant.stl
um2R_Ant,reproductive_rectal_system,3776,1.0,0,True,3776,/home/asunkari/ros-worm/openworm_geometry/object_stls_repaired_meshfix_defective/stl/um2R_Ant.stl
um1R_Ant,reproductive_rectal_system,1216,1.0,0,True,1216,/home/asunkari/ros-worm/openworm_geometry/object_stls_repaired_meshfix_defective/stl/um1R_Ant.stl
um2R_Post,reproductive_rectal_system,3776,1.0,0,True,3776,/home/asunkari/ros-worm/openworm_geometry/object_stls_repaired_meshfix_defective/stl/um2R_Post.stl
vulA,reproductive_rectal_system,1280,1.0,0,True,1280,/home/asunkari/ros-worm/openworm_geometry/object_stls_repaired_meshfix_defective/stl/vulA.stl
vulB1,reproductive_rectal_system,1280,1.0,0,True,1280,/home/asunkari/ros-worm/openworm_geometry/object_stls_repaired_meshfix_defective/stl/vulB1.stl
vulB2,reproductive_rectal_system,1280,1.0,0,True,1280,/home/asunkari/ros-worm/openworm_geometry/object_stls_repaired_meshfix_defective/stl/vulB2.stl
vulC,reproductive_rectal_system,1280,1.0,0,True,1280,/home/asunkari/ros-worm/openworm_geometry/object_stls_repaired_meshfix_defective/stl/vulC.stl
vm1R_Ant,reproductive_rectal_system,704,1.0,0,True,704,/home/asunkari/ros-worm/openworm_geometry/object_stls_repaired_meshfix_defective/stl/vm1R_Ant.stl
vm1R_Post,reproductive_rectal_system,704,1.0,0,True,704,/home/asunkari/ros-worm/openworm_geometry/object_stls_repaired_meshfix_defective/stl/vm1R_Post.stl
vm1L_Post,reproductive_rectal_system,704,1.0,0,True,704,/home/asunkari/ros-worm/openworm_geometry/object_stls_repaired_meshfix_defective/stl/vm1L_Post.stl
vulD,reproductive_rectal_system,1280,1.0,0,True,1280,/home/asunkari/ros-worm/openworm_geometry/object_stls_repaired_meshfix_defective/stl/vulD.stl
vulE,reproductive_rectal_system,2560,1.0,0,True,2560,/home/asunkari/ros-worm/openworm_geometry/object_stls_repaired_meshfix_defective/stl/vulE.stl
vulF,reproductive_rectal_system,1280,1.0,0,True,1280,/home/asunkari/ros-worm/openworm_geometry/object_stls_repaired_meshfix_defective/stl/vulF.stl
vm2R_Post,reproductive_rectal_system,576,1.0,0,True,576,/home/asunkari/ros-worm/openworm_geometry/object_stls_repaired_meshfix_defective/stl/vm2R_Post.stl
vm2L_Ant,reproductive_rectal_system,576,1.0,0,True,576,/home/asunkari/ros-worm/openworm_geometry/object_stls_repaired_meshfix_defective/stl/vm2L_Ant.stl
uv2_Post,reproductive_rectal_system,2112,1.0,0,True,2112,/home/asunkari/ros-worm/openworm_geometry/object_stls_repaired_meshfix_defective/stl/uv2_Post.stl
uv1_Post,reproductive_rectal_system,2112,1.0,0,True,2112,/home/asunkari/ros-worm/openworm_geometry/object_stls_repaired_meshfix_defective/stl/uv1_Post.stl
uv3_Post,reproductive_rectal_system,896,1.0,0,True,896,/home/asunkari/ros-worm/openworm_geometry/object_stls_repaired_meshfix_defective/stl/uv3_Post.stl
uv3_Ant,reproductive_rectal_system,896,1.0,0,True,896,/home/asunkari/ros-worm/openworm_geometry/object_stls_repaired_meshfix_defective/stl/uv3_Ant.stl
uv2_Ant,reproductive_rectal_system,2112,1.0,0,True,2112,/home/asunkari/ros-worm/openworm_geometry/object_stls_repaired_meshfix_defective/stl/uv2_Ant.stl
uv1_Ant,reproductive_rectal_system,2112,1.0,0,True,2112,/home/asunkari/ros-worm/openworm_geometry/object_stls_repaired_meshfix_defective/stl/uv1_Ant.stl
ut3_Post,reproductive_rectal_system,1536,1.0,0,True,1536,/home/asunkari/ros-worm/openworm_geometry/object_stls_repaired_meshfix_defective/stl/ut3_Post.stl
ut2_Post,reproductive_rectal_system,2048,1.0,0,True,2048,/home/asunkari/ros-worm/openworm_geometry/object_stls_repaired_meshfix_defective/stl/ut2_Post.stl
ut1_Post,reproductive_rectal_system,4416,1.0,0,True,4416,/home/asunkari/ros-worm/openworm_geometry/object_stls_repaired_meshfix_defective/stl/ut1_Post.stl
ut1_Ant,reproductive_rectal_system,4096,1.0,0,True,4096,/home/asunkari/ros-worm/openworm_geometry/object_stls_repaired_meshfix_defective/stl/ut1_Ant.stl
ut3_Ant,reproductive_rectal_system,2050,1.0,0,True,2050,/home/asunkari/ros-worm/openworm_geometry/object_stls_repaired_meshfix_defective/stl/ut3_Ant.stl
utse,reproductive_rectal_system,5000,1.0,0,True,8576,/home/asunkari/ros-worm/openworm_geometry/object_stls_repaired_meshfix_defective/stl/utse.stl
ut4_Post,reproductive_rectal_system,1536,1.0,0,True,1536,/home/asunkari/ros-worm/openworm_geometry/object_stls_repaired_meshfix_defective/stl/ut4_Post.stl
ut4_Ant,reproductive_rectal_system,1152,1.0,0,True,1152,/home/asunkari/ros-worm/openworm_geometry/object_stls_repaired_meshfix_defective/stl/ut4_Ant.stl
Sp_Ut_Valve_Post,reproductive_rectal_system,1152,1.0,0,True,1152,/home/asunkari/ros-worm/openworm_geometry/object_stls_repaired_meshfix_defective/stl/Sp_Ut_Valve_Post.stl
Sp_Ut_Valve_Ant,reproductive_rectal_system,1152,1.0,0,True,1152,/home/asunkari/ros-worm/openworm_geometry/object_stls_repaired_meshfix_defective/stl/Sp_Ut_Valve_Ant.stl
Gonadal_Sheath_P5V,reproductive_rectal_system,2480,1.0,0,True,2480,/home/asunkari/ros-worm/openworm_geometry/object_stls_repaired_meshfix_defective/stl/Gonadal_Sheath_P5V.stl
Oocyte_Post_8,reproductive_rectal_system,896,1.0,0,True,896,/home/asunkari/ros-worm/openworm_geometry/object_stls_repaired_meshfix_defective/stl/Oocyte_Post_8.stl
Oocyte_Post_7,reproductive_rectal_system,704,1.0,0,True,704,/home/asunkari/ros-worm/openworm_geometry/object_stls_repaired_meshfix_defective/stl/Oocyte_Post_7.stl
Oocyte_Post_6,reproductive_rectal_system,704,1.0,0,True,704,/home/asunkari/ros-worm/openworm_geometry/object_stls_repaired_meshfix_defective/stl/Oocyte_Post_6.stl
Oocyte_Post_5,reproductive_rectal_system,704,1.0,0,True,704,/home/asunkari/ros-worm/openworm_geometry/object_stls_repaired_meshfix_defective/stl/Oocyte_Post_5.stl
Oocyte_Post_4,reproductive_rectal_system,704,1.0,0,True,704,/home/asunkari/ros-worm/openworm_geometry/object_stls_repaired_meshfix_defective/stl/Oocyte_Post_4.stl
Oocyte_Post_3,reproductive_rectal_system,704,1.0,0,True,704,/home/asunkari/ros-worm/openworm_geometry/object_stls_repaired_meshfix_defective/stl/Oocyte_Post_3.stl
Oocyte_Post_2,reproductive_rectal_system,704,1.0,0,True,704,/home/asunkari/ros-worm/openworm_geometry/object_stls_repaired_meshfix_defective/stl/Oocyte_Post_2.stl
Oocyte_Post_1,reproductive_rectal_system,704,1.0,0,True,704,/home/asunkari/ros-worm/openworm_geometry/object_stls_repaired_meshfix_defective/stl/Oocyte_Post_1.stl
Oocyte_Ant_10,reproductive_rectal_system,704,1.0,0,True,704,/home/asunkari/ros-worm/openworm_geometry/object_stls_repaired_meshfix_defective/stl/Oocyte_Ant_10.stl
Oocyte_Ant_9,reproductive_rectal_system,704,1.0,0,True,704,/home/asunkari/ros-worm/openworm_geometry/object_stls_repaired_meshfix_defective/stl/Oocyte_Ant_9.stl
Oocyte_Ant_8,reproductive_rectal_system,704,1.0,0,True,704,/home/asunkari/ros-worm/openworm_geometry/object_stls_repaired_meshfix_defective/stl/Oocyte_Ant_8.stl
Oocyte_Ant_7,reproductive_rectal_system,704,1.0,0,True,704,/home/asunkari/ros-worm/openworm_geometry/object_stls_repaired_meshfix_defective/stl/Oocyte_Ant_7.stl
Oocyte_Ant_6,reproductive_rectal_system,704,1.0,0,True,704,/home/asunkari/ros-worm/openworm_geometry/object_stls_repaired_meshfix_defective/stl/Oocyte_Ant_6.stl
Oocyte_Ant_5,reproductive_rectal_system,704,1.0,0,True,704,/home/asunkari/ros-worm/openworm_geometry/object_stls_repaired_meshfix_defective/stl/Oocyte_Ant_5.stl
Oocyte_Ant_4,reproductive_rectal_system,704,1.0,0,True,704,/home/asunkari/ros-worm/openworm_geometry/object_stls_repaired_meshfix_defective/stl/Oocyte_Ant_4.stl
Oocyte_Ant_3,reproductive_rectal_system,704,1.0,0,True,704,/home/asunkari/ros-worm/openworm_geometry/object_stls_repaired_meshfix_defective/stl/Oocyte_Ant_3.stl
Oocyte_Ant_2,reproductive_rectal_system,704,1.0,0,True,704,/home/asunkari/ros-worm/openworm_geometry/object_stls_repaired_meshfix_defective/stl/Oocyte_Ant_2.stl
Oocyte_Ant_1,reproductive_rectal_system,704,1.0,0,True,704,/home/asunkari/ros-worm/openworm_geometry/object_stls_repaired_meshfix_defective/stl/Oocyte_Ant_1.stl
Gonadal_Sheath_A5V,reproductive_rectal_system,2272,1.0,0,True,2272,/home/asunkari/ros-worm/openworm_geometry/object_stls_repaired_meshfix_defective/stl/Gonadal_Sheath_A5V.stl
int1DL,digestive_system,2176,1.0,0,True,2176,/home/asunkari/ros-worm/openworm_geometry/object_stls_repaired_meshfix_defective/stl/int1DL.stl
Anus,reproductive_rectal_system,772,1.0,0,True,772,/home/asunkari/ros-worm/openworm_geometry/object_stls_repaired_meshfix_defective/stl/Anus.stl
int9L,digestive_system,3008,1.0,0,True,3008,/home/asunkari/ros-worm/openworm_geometry/object_stls_repaired_meshfix_defective/stl/int9L.stl
int8L,digestive_system,1856,1.0,0,True,1856,/home/asunkari/ros-worm/openworm_geometry/object_stls_repaired_meshfix_defective/stl/int8L.stl
int7L,digestive_system,1856,1.0,0,True,1856,/home/asunkari/ros-worm/openworm_geometry/object_stls_repaired_meshfix_defective/stl/int7L.stl
int6L,digestive_system,2624,1.0,0,True,2624,/home/asunkari/ros-worm/openworm_geometry/object_stls_repaired_meshfix_defective/stl/int6L.stl
int5L,digestive_system,2240,1.0,0,True,2240,/home/asunkari/ros-worm/openworm_geometry/object_stls_repaired_meshfix_defective/stl/int5L.stl
int4V,digestive_system,2624,1.0,0,True,2624,/home/asunkari/ros-worm/openworm_geometry/object_stls_repaired_meshfix_defective/stl/int4V.stl
int3V,digestive_system,2064,1.0,0,True,2064,/home/asunkari/ros-worm/openworm_geometry/object_stls_repaired_meshfix_defective/stl/int3V.stl
int2D,digestive_system,2240,1.0,0,True,2240,/home/asunkari/ros-worm/openworm_geometry/object_stls_repaired_meshfix_defective/stl/int2D.stl
int1VR,digestive_system,2192,1.0,0,True,2192,/home/asunkari/ros-worm/openworm_geometry/object_stls_repaired_meshfix_defective/stl/int1VR.stl
int1VL,digestive_system,2176,1.0,0,True,2176,/home/asunkari/ros-worm/openworm_geometry/object_stls_repaired_meshfix_defective/stl/int1VL.stl
int4D,digestive_system,2624,1.0,0,True,2624,/home/asunkari/ros-worm/openworm_geometry/object_stls_repaired_meshfix_defective/stl/int4D.stl
int6R,digestive_system,2624,1.0,0,True,2624,/home/asunkari/ros-worm/openworm_geometry/object_stls_repaired_meshfix_defective/stl/int6R.stl
int5R,digestive_system,2240,1.0,0,True,2240,/home/asunkari/ros-worm/openworm_geometry/object_stls_repaired_meshfix_defective/stl/int5R.stl
vpi3_V,reproductive_rectal_system,1888,1.0,0,True,1888,/home/asunkari/ros-worm/openworm_geometry/object_stls_repaired_meshfix_defective/stl/vpi3_V.stl
vpi3_D,reproductive_rectal_system,1888,1.0,0,True,1888,/home/asunkari/ros-worm/openworm_geometry/object_stls_repaired_meshfix_defective/stl/vpi3_D.stl
vpi2_DL,reproductive_rectal_system,1872,1.0,0,True,1872,/home/asunkari/ros-worm/openworm_geometry/object_stls_repaired_meshfix_defective/stl/vpi2_DL.stl
vpi2_V,reproductive_rectal_system,2272,1.0,0,True,2272,/home/asunkari/ros-worm/openworm_geometry/object_stls_repaired_meshfix_defective/stl/vpi2_V.stl
vpi2_DR,reproductive_rectal_system,1872,1.0,0,True,1872,/home/asunkari/ros-worm/openworm_geometry/object_stls_repaired_meshfix_defective/stl/vpi2_DR.stl
vpi1,reproductive_rectal_system,5000,1.0,0,True,8192,/home/asunkari/ros-worm/openworm_geometry/object_stls_repaired_meshfix_defective/stl/vpi1.stl
int9R,digestive_system,3008,1.0,0,True,3008,/home/asunkari/ros-worm/openworm_geometry/object_stls_repaired_meshfix_defective/stl/int9R.stl
int8R,digestive_system,1856,1.0,0,True,1856,/home/asunkari/ros-worm/openworm_geometry/object_stls_repaired_meshfix_defective/stl/int8R.stl
int2V,digestive_system,1856,1.0,0,True,1856,/home/asunkari/ros-worm/openworm_geometry/object_stls_repaired_meshfix_defective/stl/int2V.stl
int1DR,digestive_system,2176,1.0,0,True,2176,/home/asunkari/ros-worm/openworm_geometry/object_stls_repaired_meshfix_defective/stl/int1DR.stl
int7R,digestive_system,1856,1.0,0,True,1856,/home/asunkari/ros-worm/openworm_geometry/object_stls_repaired_meshfix_defective/stl/int7R.stl
int3D,digestive_system,2240,1.0,0,True,2240,/home/asunkari/ros-worm/openworm_geometry/object_stls_repaired_meshfix_defective/stl/int3D.stl
rect_VR,reproductive_rectal_system,960,1.0,0,True,960,/home/asunkari/ros-worm/openworm_geometry/object_stls_repaired_meshfix_defective/stl/rect_VR.stl
rect_D,reproductive_rectal_system,1728,1.0,0,True,1728,/home/asunkari/ros-worm/openworm_geometry/object_stls_repaired_meshfix_defective/stl/rect_D.stl
rect_VL,reproductive_rectal_system,960,1.0,0,True,960,/home/asunkari/ros-worm/openworm_geometry/object_stls_repaired_meshfix_defective/stl/rect_VL.stl
mu_anal,reproductive_rectal_system,2368,1.0,0,True,2368,/home/asunkari/ros-worm/openworm_geometry/object_stls_repaired_meshfix_defective/stl/mu_anal.stl
