object_name,safe_name,category_guess,stl_path,raw_triangles,exported_triangles,skipped_degenerate,min_x,min_y,min_z,max_x,max_y,max_z,span_x,span_y,span_z,repair_used_meshfix,repair_watertight_after,repair_winding_after,repair_faces_after
Sp_bag_P_4R,Sp_bag_P_4R,neuron-or-cell,/home/asunkari/ros-worm/openworm_geometry/object_stls_repaired_meshfix_defective/stl/Sp_bag_P_4R.stl,1216,1216,0,-0.1589851081371307,1.41300630569458,0.1052898317575454,-0.1051248610019683,1.520133376121521,0.1989081352949142,0.0538602471351623,0.1071270704269409,0.0936183035373687,True,True,True,1216
Sp_neck_P_1L,Sp_neck_P_1L,neuron-or-cell,/home/asunkari/ros-worm/openworm_geometry/object_stls_repaired_meshfix_defective/stl/Sp_neck_P_1L.stl,2304,2304,0,-0.0895442962646484,1.7538801431655884,0.1364513784646988,-0.0585716255009174,1.775707125663757,0.1981378197669983,0.030972670763731,0.0218269824981689,0.0616864413022995,False,True,True,2304
Sp_neck_P_1R,Sp_neck_P_1R,neuron-or-cell,/home/asunkari/ros-worm/openworm_geometry/object_stls_repaired_meshfix_defective/stl/Sp_neck_P_1R.stl,2304,2304,0,-0.1230467557907104,1.7540197372436523,0.1364800482988357,-0.0920737832784652,1.775712966918945,0.1981665045022964,0.0309729725122451,0.0216932296752929,0.0616864562034606,False,True,True,2304
Sp_neck_P_2L,Sp_neck_P_2L,neuron-or-cell,/home/asunkari/ros-worm/openworm_geometry/object_stls_repaired_meshfix_defective/stl/Sp_neck_P_2L.stl,2368,2368,0,-0.0894243940711021,1.7399927377700806,0.1369846314191818,-0.0586223118007183,1.7607897520065308,0.1986287236213684,0.0308020822703838,0.0207970142364501,0.0616440922021865,False,True,True,2368
Sp_neck_P_3R,Sp_neck_P_3R,neuron-or-cell,/home/asunkari/ros-worm/openworm_geometry/object_stls_repaired_meshfix_defective/stl/Sp_neck_P_3R.stl,2432,2432,0,-0.1230174005031585,1.7230970859527588,0.1385461390018463,-0.092135339975357,1.7424896955490112,0.2003956139087677,0.0308820605278015,0.0193926095962524,0.0618494749069213,False,True,True,2432
Sp_neck_P_4L,Sp_neck_P_4L,neuron-or-cell,/home/asunkari/ros-worm/openworm_geometry/object_stls_repaired_meshfix_defective/stl/Sp_neck_P_4L.stl,2432,2432,0,-0.089482881128788,1.7078553438186646,0.1391089111566543,-0.0586053021252155,1.727846622467041,0.2009946405887603,0.0308775790035724,0.0199912786483764,0.061885729432106,False,True,True,2432
Sp_neck_P_3L,Sp_neck_P_3L,neuron-or-cell,/home/asunkari/ros-worm/openworm_geometry/object_stls_repaired_meshfix_defective/stl/Sp_neck_P_3L.stl,2432,2432,0,-0.0894827917218208,1.7230970859527588,0.1385461390018463,-0.0586007386445999,1.7424896955490112,0.2003956139087677,0.0308820530772209,0.0193926095962524,0.0618494749069213,False,True,True,2432
Sp_neck_P_2R,Sp_neck_P_2R,neuron-or-cell,/home/asunkari/ros-worm/openworm_geometry/object_stls_repaired_meshfix_defective/stl/Sp_neck_P_2R.stl,2368,2368,0,-0.1229960620403289,1.7399994134902954,0.1370133161544799,-0.0920736789703369,1.7609293460845947,0.1986574083566665,0.030922383069992,0.0209299325942993,0.0616440922021865,False,True,True,2368
Sp_neck_P_4R,Sp_neck_P_4R,neuron-or-cell,/home/asunkari/ros-worm/openworm_geometry/object_stls_repaired_meshfix_defective/stl/Sp_neck_P_4R.stl,2432,2432,0,-0.1230128332972526,1.707855463027954,0.1391089111566543,-0.0921352356672287,1.727846622467041,0.2009946405887603,0.0308775976300239,0.0199911594390869,0.061885729432106,False,True,True,2432
Sp_bag_P_1V,Sp_bag_P_1V,other-cell/anatomy,/home/asunkari/ros-worm/openworm_geometry/object_stls_repaired_meshfix_defective/stl/Sp_bag_P_1V.stl,6144,6144,0,-0.1314262598752975,1.6611055135726929,0.0770775824785232,-0.0494806170463562,1.7146978378295898,0.1578303575515747,0.0819456428289413,0.0535923242568969,0.0807527750730514,False,True,True,6144
Sp_bag_P_2R,Sp_bag_P_2R,neuron-or-cell,/home/asunkari/ros-worm/openworm_geometry/object_stls_repaired_meshfix_defective/stl/Sp_bag_P_2R.stl,1216,1216,0,-0.1588345319032669,1.6067771911621094,0.0936220660805702,-0.1049763038754463,1.6576727628707886,0.1869414895772934,0.0538582280278205,0.0508955717086792,0.0933194234967231,True,True,True,1216
Sp_bag_P_3V,Sp_bag_P_3V,other-cell/anatomy,/home/asunkari/ros-worm/openworm_geometry/object_stls_repaired_meshfix_defective/stl/Sp_bag_P_3V.stl,1216,1216,0,-0.1353394836187362,1.525365710258484,0.0759081169962883,-0.0448834858834743,1.6096277236938477,0.1325282901525497,0.0904559940099716,0.0842620134353637,0.0566201731562614,False,True,True,1216
Sp_bag_P_1D,Sp_bag_P_1D,other-cell/anatomy,/home/asunkari/ros-worm/openworm_geometry/object_stls_repaired_meshfix_defective/stl/Sp_bag_P_1D.stl,6144,6144,0,-0.1327168643474578,1.64959979057312,0.1543215960264206,-0.0484286285936832,1.7053582668304443,0.2061803191900253,0.0842882394790649,0.0557584762573242,0.0518587231636047,False,True,True,6144
Sp_bag_P_1R,Sp_bag_P_1R,neuron-or-cell,/home/asunkari/ros-worm/openworm_geometry/object_stls_repaired_meshfix_defective/stl/Sp_bag_P_1R.stl,6144,6144,0,-0.1554591655731201,1.6542097330093384,0.0994740277528762,-0.10281702876091,1.7112749814987185,0.1934807300567627,0.05264213681221,0.0570652484893798,0.0940067023038864,False,True,True,6144
Sp_bag_P_1L,Sp_bag_P_1L,neuron-or-cell,/home/asunkari/ros-worm/openworm_geometry/object_stls_repaired_meshfix_defective/stl/Sp_bag_P_1L.stl,6144,6144,0,-0.0790807381272316,1.654250144958496,0.0994638875126838,-0.0270697493106126,1.711685061454773,0.1943141371011734,0.052010990679264,0.0574349164962768,0.0948502495884895,False,True,True,6144
Sp_bag_P_2D,Sp_bag_P_2D,other-cell/anatomy,/home/asunkari/ros-worm/openworm_geometry/object_stls_repaired_meshfix_defective/stl/Sp_bag_P_2D.stl,1216,1216,0,-0.1364329159259796,1.6033529043197632,0.1533189117908477,-0.0444461703300476,1.6505887508392334,0.2084043473005294,0.091986745595932,0.0472358465194702,0.0550854355096817,False,True,True,1216
Sp_bag_P_2L,Sp_bag_P_2L,neuron-or-cell,/home/asunkari/ros-worm/openworm_geometry/object_stls_repaired_meshfix_defective/stl/Sp_bag_P_2L.stl,1216,1216,0,-0.0762451440095901,1.6068722009658811,0.0951172858476638,-0.0220100935548543,1.6575233936309814,0.1848608404397964,0.0542350485920906,0.0506511926651001,0.0897435545921325,False,True,True,1216
Sp_bag_P_2V,Sp_bag_P_2V,other-cell/anatomy,/home/asunkari/ros-worm/openworm_geometry/object_stls_repaired_meshfix_defective/stl/Sp_bag_P_2V.stl,1216,1216,0,-0.1344625800848007,1.611507534980774,0.0706800818443298,-0.0470734424889087,1.661771297454834,0.1261395066976547,0.0873891413211822,0.05026376247406,0.0554594248533248,False,True,True,1216
Sp_bag_P_3D,Sp_bag_P_3D,other-cell/anatomy,/home/asunkari/ros-worm/openworm_geometry/object_stls_repaired_meshfix_defective/stl/Sp_bag_P_3D.stl,1216,1216,0,-0.1364884227514267,1.5198487043380735,0.1575738340616226,-0.0447193682193756,1.6018333435058594,0.2142557352781295,0.091769054532051,0.0819846391677856,0.0566819012165069,False,True,True,1216
Sp_bag_P_3L,Sp_bag_P_3L,neuron-or-cell,/home/asunkari/ros-worm/openworm_geometry/object_stls_repaired_meshfix_defective/stl/Sp_bag_P_3L.stl,1216,1216,0,-0.0765096992254257,1.5225902795791626,0.0989503785967826,-0.0225013811141252,1.6063698530197144,0.1921189874410629,0.0540083199739456,0.0837795734405517,0.0931686088442802,False,True,True,1216
Sp_bag_P_3R,Sp_bag_P_3R,neuron-or-cell,/home/asunkari/ros-worm/openworm_geometry/object_stls_repaired_meshfix_defective/stl/Sp_bag_P_3R.stl,1216,1216,0,-0.1588464081287384,1.5226820707321167,0.0980088412761688,-0.1050423309206962,1.6062957048416138,0.1923187673091888,0.0538040772080421,0.083613634109497,0.09430992603302,True,True,True,1216
Sp_bag_P_4D,Sp_bag_P_4D,other-cell/anatomy,/home/asunkari/ros-worm/openworm_geometry/object_stls_repaired_meshfix_defective/stl/Sp_bag_P_4D.stl,1216,1216,0,-0.1370352953672409,1.4125757217407229,0.1646411269903183,-0.0458951070904731,1.5173314809799194,0.2212914377450943,0.0911401882767677,0.1047557592391967,0.056650310754776,False,True,True,1216
Sp_bag_P_4L,Sp_bag_P_4L,neuron-or-cell,/home/asunkari/ros-worm/openworm_geometry/object_stls_repaired_meshfix_defective/stl/Sp_bag_P_4L.stl,1216,1216,0,-0.0763610154390335,1.4131842851638794,0.1063922867178917,-0.0222738403826951,1.5200610160827637,0.1982758045196533,0.0540871769189834,0.1068767309188842,0.0918835178017616,False,True,True,1216
Sp_bag_P_4V,Sp_bag_P_4V,other-cell/anatomy,/home/asunkari/ros-worm/openworm_geometry/object_stls_repaired_meshfix_defective/stl/Sp_bag_P_4V.stl,1216,1216,0,-0.1345745474100113,1.4150301218032837,0.0823519751429557,-0.0463874153792858,1.5227805376052856,0.1391540318727493,0.0881871283054351,0.1077504158020019,0.0568020567297935,False,True,True,1216
Sp_bag_A_4V,Sp_bag_A_4V,other-cell/anatomy,/home/asunkari/ros-worm/openworm_geometry/object_stls_repaired_meshfix_defective/stl/Sp_bag_A_4V.stl,1216,1216,0,0.0293132066726684,-0.3715251684188843,-0.5366537570953369,0.1175003424286842,-0.3028733134269714,-0.4724579751491546,0.0881871357560157,0.0686518549919128,0.0641957819461822,False,True,True,1216
Sp_bag_A_4R,Sp_bag_A_4R,neuron-or-cell,/home/asunkari/ros-worm/openworm_geometry/object_stls_repaired_meshfix_defective/stl/Sp_bag_A_4R.stl,1216,1216,0,0.0051996335387229,-0.3745559155941009,-0.5125020742416382,0.0592868104577064,-0.304939717054367,-0.4138592481613159,0.0540871769189834,0.0696161985397338,0.0986428260803222,False,True,True,1216
Sp_bag_A_4D,Sp_bag_A_4D,other-cell/anatomy,/home/asunkari/ros-worm/openworm_geometry/object_stls_repaired_meshfix_defective/stl/Sp_bag_A_4D.stl,1216,1216,0,0.0288208983838558,-0.3760988116264343,-0.454522967338562,0.1199610903859138,-0.3091260492801666,-0.3906238675117492,0.0911401957273483,0.0669727623462677,0.0638990998268127,False,True,True,1216
Sp_bag_A_3L,Sp_bag_A_3L,neuron-or-cell,/home/asunkari/ros-worm/openworm_geometry/object_stls_repaired_meshfix_defective/stl/Sp_bag_A_3L.stl,1216,1216,0,0.087968111038208,-0.4269909262657165,-0.5256308317184448,0.1417721807956695,-0.3730676174163818,-0.4265519082546234,0.0538040697574615,0.0539233088493347,0.0990789234638214,True,True,True,1216
Sp_bag_A_3R,Sp_bag_A_3R,neuron-or-cell,/home/asunkari/ros-worm/openworm_geometry/object_stls_repaired_meshfix_defective/stl/Sp_bag_A_3R.stl,1216,1216,0,0.0054271705448627,-0.4270533323287964,-0.5248215794563293,0.059435486793518,-0.3730545938014984,-0.4266436994075775,0.0540083162486553,0.0539987385272979,0.0981778800487518,False,True,True,1216
Sp_bag_A_3D,Sp_bag_A_3D,other-cell/anatomy,/home/asunkari/ros-worm/openworm_geometry/object_stls_repaired_meshfix_defective/stl/Sp_bag_A_3D.stl,1216,1216,0,0.0276451595127582,-0.4280025064945221,-0.4662868678569793,0.1194142177700996,-0.3759498596191406,-0.4042519629001617,0.091769054532051,0.0520526468753814,0.0620349049568176,False,True,True,1216
Sp_bag_A_2V,Sp_bag_A_2V,other-cell/anatomy,/home/asunkari/ros-worm/openworm_geometry/object_stls_repaired_meshfix_defective/stl/Sp_bag_A_2V.stl,1216,1216,0,0.0299992300570011,-0.4568401873111725,-0.5560472011566162,0.117388367652893,-0.4253642559051513,-0.4978394508361816,0.0873891413211822,0.0314759314060211,0.0582077503204345,False,True,True,1216
Sp_bag_A_2R,Sp_bag_A_2R,neuron-or-cell,/home/asunkari/ros-worm/openworm_geometry/object_stls_repaired_meshfix_defective/stl/Sp_bag_A_2R.stl,1216,1216,0,0.0049358829855918,-0.4573211967945099,-0.5312881469726562,0.0591709353029727,-0.4263465106487274,-0.4393081068992615,0.0542350523173809,0.0309746861457824,0.0919800400733947,False,True,True,1216
Sp_bag_A_2D,Sp_bag_A_2D,other-cell/anatomy,/home/asunkari/ros-worm/openworm_geometry/object_stls_repaired_meshfix_defective/stl/Sp_bag_A_2D.stl,1216,1216,0,0.0273719578981399,-0.4576674401760101,-0.4729950129985809,0.1193587034940719,-0.4282214641571045,-0.4152712523937225,0.091986745595932,0.0294459760189056,0.0577237606048584,False,True,True,1216
Sp_bag_A_1R,Sp_bag_A_1R,neuron-or-cell,/home/asunkari/ros-worm/openworm_geometry/object_stls_repaired_meshfix_defective/stl/Sp_bag_A_1R.stl,6144,6144,0,0.0099955387413501,-0.4932940006256103,-0.5256936550140381,0.0620065182447433,-0.4575483202934265,-0.4363378286361694,0.0520109795033931,0.0357456803321838,0.0893558263778686,False,True,True,6144
Sp_bag_A_1L,Sp_bag_A_1L,neuron-or-cell,/home/asunkari/ros-worm/openworm_geometry/object_stls_repaired_meshfix_defective/stl/Sp_bag_A_1L.stl,6144,6144,0,0.0857428163290023,-0.493101954460144,-0.5256052613258362,0.1383849531412124,-0.4575231969356537,-0.4367114007472992,0.05264213681221,0.0355787575244903,0.0888938605785369,False,True,True,6144
Sp_bag_A_1D,Sp_bag_A_1D,other-cell/anatomy,/home/asunkari/ros-worm/openworm_geometry/object_stls_repaired_meshfix_defective/stl/Sp_bag_A_1D.stl,6144,6144,0,0.0313544198870658,-0.4929037988185882,-0.4707202911376953,0.1156426519155502,-0.4578904509544372,-0.4198143780231476,0.0842882320284843,0.035013347864151,0.0509059131145477,False,True,True,6144
Sp_bag_A_3V,Sp_bag_A_3V,other-cell/anatomy,/home/asunkari/ros-worm/openworm_geometry/object_stls_repaired_meshfix_defective/stl/Sp_bag_A_3V.stl,1216,1216,0,0.0278092771768569,-0.4250780642032623,-0.5481275916099548,0.1182652786374092,-0.3715419471263885,-0.4858581721782684,0.0904560014605522,0.0535361170768737,0.0622694194316864,False,True,True,1216
Sp_bag_A_2L,Sp_bag_A_2L,neuron-or-cell,/home/asunkari/ros-worm/openworm_geometry/object_stls_repaired_meshfix_defective/stl/Sp_bag_A_2L.stl,1216,1216,0,0.087902083992958,-0.457332968711853,-0.5327799320220947,0.141760304570198,-0.4262944757938385,-0.4372376203536987,0.0538582205772399,0.0310384929180145,0.095542311668396,True,True,True,1216
Sp_bag_A_1V,Sp_bag_A_1V,other-cell/anatomy,/home/asunkari/ros-worm/openworm_geometry/object_stls_repaired_meshfix_defective/stl/Sp_bag_A_1V.stl,6144,6144,0,0.0324064083397388,-0.493153303861618,-0.5482082962989807,0.1143520474433898,-0.4574464857578277,-0.47381392121315,0.0819456428289413,0.0357068181037902,0.0743943750858306,False,True,True,6144
Sp_neck_A_4L,Sp_neck_A_4L,neuron-or-cell,/home/asunkari/ros-worm/openworm_geometry/object_stls_repaired_meshfix_defective/stl/Sp_neck_A_4L.stl,2432,2432,0,0.075061023235321,-0.5063068866729736,-0.490253210067749,0.1059386134147644,-0.4935299456119537,-0.4297097027301788,0.0308775901794433,0.0127769410610198,0.0605435073375701,False,True,True,2432
Sp_neck_A_2L,Sp_neck_A_2L,neuron-or-cell,/home/asunkari/ros-worm/openworm_geometry/object_stls_repaired_meshfix_defective/stl/Sp_neck_A_2L.stl,2368,2368,0,0.0749994665384292,-0.5268487334251404,-0.4941740930080414,0.1059218421578407,-0.5134928226470947,-0.4339165389537811,0.0309223756194114,0.0133559107780456,0.0602575540542602,False,True,True,2368
Sp_neck_A_3R,Sp_neck_A_3R,neuron-or-cell,/home/asunkari/ros-worm/openworm_geometry/object_stls_repaired_meshfix_defective/stl/Sp_neck_A_3R.stl,2432,2432,0,0.0415265187621116,-0.5136727690696716,-0.4924854636192322,0.0724085718393325,-0.5011950135231018,-0.4319352507591247,0.0308820530772209,0.0124777555465698,0.0605502128601074,False,True,True,2432
Sp_neck_A_4R,Sp_neck_A_4R,neuron-or-cell,/home/asunkari/ros-worm/openworm_geometry/object_stls_repaired_meshfix_defective/stl/Sp_neck_A_4R.stl,2432,2432,0,0.0415310822427272,-0.5063068866729736,-0.490253210067749,0.0724086612462997,-0.4935299456119537,-0.4297097027301788,0.0308775790035724,0.0127769410610198,0.0605435073375701,False,True,True,2432
Sp_neck_A_3L,Sp_neck_A_3L,neuron-or-cell,/home/asunkari/ros-worm/openworm_geometry/object_stls_repaired_meshfix_defective/stl/Sp_neck_A_3L.stl,2432,2432,0,0.0750611126422882,-0.5136727690696716,-0.4924854636192322,0.1059431806206703,-0.5011950135231018,-0.4319352507591247,0.0308820679783821,0.0124777555465698,0.0605502128601074,False,True,True,2432
Sp_neck_A_2R,Sp_neck_A_2R,neuron-or-cell,/home/asunkari/ros-worm/openworm_geometry/object_stls_repaired_meshfix_defective/stl/Sp_neck_A_2R.stl,2368,2368,0,0.0415480956435203,-0.5267707109451294,-0.4941978454589844,0.0723501741886138,-0.5134883522987366,-0.433935672044754,0.0308020785450935,0.0132823586463928,0.0602621734142303,False,True,True,2368
Sp_neck_A_1L,Sp_neck_A_1L,neuron-or-cell,/home/asunkari/ros-worm/openworm_geometry/object_stls_repaired_meshfix_defective/stl/Sp_neck_A_1L.stl,2304,2304,0,0.074999563395977,-0.5341029763221741,-0.4965425431728363,0.1059725359082222,-0.5202559232711792,-0.4361866116523742,0.0309729725122451,0.0138470530509948,0.060355931520462,False,True,True,2304
Sp_neck_A_1R,Sp_neck_A_1R,neuron-or-cell,/home/asunkari/ros-worm/openworm_geometry/object_stls_repaired_meshfix_defective/stl/Sp_neck_A_1R.stl,2304,2304,0,0.0414974056184291,-0.5340985655784607,-0.4965616762638092,0.0724700763821601,-0.5201737880706787,-0.4362103641033172,0.030972670763731,0.0139247775077819,0.0603513121604919,False,True,True,2304
Sp_bag_A_4L,Sp_bag_A_4L,neuron-or-cell,/home/asunkari/ros-worm/openworm_geometry/object_stls_repaired_meshfix_defective/stl/Sp_bag_A_4L.stl,1216,1216,0,0.0880506634712219,-0.3746297955513,-0.5136693120002747,0.1419109106063842,-0.3047070503234863,-0.4130938351154327,0.0538602471351623,0.0699227452278137,0.1005754768848419,True,True,True,1216
Gonadal_Sheath_A5D,Gonadal_Sheath_A5D,reproductive,/home/asunkari/ros-worm/openworm_geometry/object_stls_repaired_meshfix_defective/stl/Gonadal_Sheath_A5D.stl,3040,3040,0,0.0101089105010032,-1.0924856662750244,-0.5310868620872498,0.1445956826210022,-0.5354836583137512,-0.422626793384552,0.1344867646694183,0.5570020079612732,0.1084600687026977,False,True,True,3040
Gonadal_Sheath_A4D,Gonadal_Sheath_A4D,reproductive,/home/asunkari/ros-worm/openworm_geometry/object_stls_repaired_meshfix_defective/stl/Gonadal_Sheath_A4D.stl,2016,2016,0,0.015989638864994,-1.545615315437317,-0.4922398626804352,0.1439960896968841,-1.074931025505066,-0.222730666399002,0.1280064582824707,0.470684289932251,0.2695091962814331,False,True,True,2016
Gonadal_Sheath_P5D,Gonadal_Sheath_P5D,reproductive,/home/asunkari/ros-worm/openworm_geometry/object_stls_repaired_meshfix_defective/stl/Gonadal_Sheath_P5D.stl,2800,2800,0,-0.1842733174562454,1.7723113298416138,0.0420669689774513,-0.0459034591913223,2.263644933700561,0.214116558432579,0.1383698582649231,0.4913336038589477,0.1720495820045471,False,True,True,2800
Gonadal_Sheath_P4D,Gonadal_Sheath_P4D,reproductive,/home/asunkari/ros-worm/openworm_geometry/object_stls_repaired_meshfix_defective/stl/Gonadal_Sheath_P4D.stl,2016,2016,0,-0.1782239377498626,2.243856430053711,-0.1110231578350067,-0.0362118408083915,2.815706968307495,0.1220008358359336,0.1420120894908905,0.5718505382537842,0.233024001121521,False,True,True,2016
Gonadal_Sheath_P3L,Gonadal_Sheath_P3L,reproductive,/home/asunkari/ros-worm/openworm_geometry/object_stls_repaired_meshfix_defective/stl/Gonadal_Sheath_P3L.stl,2208,2208,0,-0.0823899880051612,2.806339979171753,-0.2087680548429489,-0.0215813219547271,3.344473123550415,-0.036458782851696,0.0608086660504341,0.5381331443786621,0.1723092794418335,False,True,True,2208
Gonadal_Sheath_P2L,Gonadal_Sheath_P2L,reproductive,/home/asunkari/ros-worm/openworm_geometry/object_stls_repaired_meshfix_defective/stl/Gonadal_Sheath_P2L.stl,2912,2912,0,-0.0654301568865776,3.3297364711761475,-0.1669297963380813,-0.016178835183382,3.540501832962036,-0.0191966705024242,0.0492513217031955,0.2107653617858886,0.1477331221103668,False,True,True,2912
Gonadal_Sheath_P1L,Gonadal_Sheath_P1L,reproductive,/home/asunkari/ros-worm/openworm_geometry/object_stls_repaired_meshfix_defective/stl/Gonadal_Sheath_P1L.stl,6496,6496,0,-0.1042631715536117,1.4115997552871704,-0.0582525581121444,-0.0177290514111518,3.539822578430176,0.390127569437027,0.0865341201424598,2.128222942352295,0.4483801126480102,False,True,True,6496
Gonadal_Sheath_A3L,Gonadal_Sheath_A3L,reproductive,/home/asunkari/ros-worm/openworm_geometry/object_stls_repaired_meshfix_defective/stl/Gonadal_Sheath_A3L.stl,1760,1760,0,0.0680998042225837,-2.067671298980713,-0.3547675907611847,0.1446509659290313,-1.516860008239746,0.0712369903922081,0.0765511617064476,0.5508112907409668,0.4260045886039734,False,True,True,1760
Gonadal_Sheath_A2L,Gonadal_Sheath_A2L,reproductive,/home/asunkari/ros-worm/openworm_geometry/object_stls_repaired_meshfix_defective/stl/Gonadal_Sheath_A2L.stl,2208,2208,0,0.0650133192539215,-2.265810012817383,-0.0384285375475883,0.1396667808294296,-1.9974777698516848,0.2027007043361663,0.0746534615755081,0.2683322429656982,0.2411292493343353,False,True,True,2208
Gonadal_Sheath_A1L,Gonadal_Sheath_A1L,reproductive,/home/asunkari/ros-worm/openworm_geometry/object_stls_repaired_meshfix_defective/stl/Gonadal_Sheath_A1L.stl,6256,6256,0,0.0601521208882331,-2.264347791671753,-0.4441431164741516,0.1529565453529358,-0.0531853698194026,0.2995389103889465,0.0928044244647026,2.2111623287200928,0.7436820268630981,True,True,True,6256
Rachis_P,Rachis_P,reproductive,/home/asunkari/ros-worm/openworm_geometry/object_stls_repaired_meshfix_defective/stl/Rachis_P.stl,3520,3520,0,-0.1584619581699371,1.2966868877410889,-0.1517595946788787,-0.0360148027539253,3.523613214492798,0.3677148818969726,0.1224471554160118,2.226926326751709,0.5194745063781738,True,True,True,3570
Rachis_A,Rachis_A,reproductive,/home/asunkari/ros-worm/openworm_geometry/object_stls_repaired_meshfix_defective/stl/Rachis_A.stl,3136,3136,0,0.0190656594932079,-2.2383360862731934,-0.4261868894100189,0.1507438272237777,0.0193327795714139,0.2824822962284088,0.1316781640052795,2.257668972015381,0.7086691856384277,True,True,True,3214
Gonadal_Sheath_P4V,Gonadal_Sheath_P4V,reproductive,/home/asunkari/ros-worm/openworm_geometry/object_stls_repaired_meshfix_defective/stl/Gonadal_Sheath_P4V.stl,1504,1504,0,-0.1782239526510238,2.2174670696258545,-0.1886894255876541,-0.0362118408083915,2.809246778488159,0.0419473014771938,0.1420121192932129,0.5917797088623047,0.2306367307901382,False,True,True,1504
Gonadal_Sheath_P3R,Gonadal_Sheath_P3R,reproductive,/home/asunkari/ros-worm/openworm_geometry/object_stls_repaired_meshfix_defective/stl/Gonadal_Sheath_P3R.stl,2208,2208,0,-0.1473369598388672,2.806339979171753,-0.2087680399417877,-0.0683556795120239,3.344473123550415,-0.0364587232470512,0.0789812803268432,0.5381331443786621,0.1723093092441558,False,True,True,2208
Gonadal_Sheath_P2R,Gonadal_Sheath_P2R,reproductive,/home/asunkari/ros-worm/openworm_geometry/object_stls_repaired_meshfix_defective/stl/Gonadal_Sheath_P2R.stl,2912,2912,0,-0.1190717667341232,3.3297362327575684,-0.1669297814369201,-0.0654301568865776,3.540478229522705,-0.0192904323339462,0.0536416098475456,0.2107419967651367,0.1476393491029739,False,True,True,2912
Gonadal_Sheath_P1R,Gonadal_Sheath_P1R,reproductive,/home/asunkari/ros-worm/openworm_geometry/object_stls_repaired_meshfix_defective/stl/Gonadal_Sheath_P1R.stl,6496,6496,0,-0.1838171929121017,1.4115993976593018,-0.0582526177167892,-0.0651473402976989,3.539647340774536,0.3901275396347046,0.1186698526144027,2.1280479431152344,0.448380172252655,False,True,True,6496
Gonadal_Sheath_A4V,Gonadal_Sheath_A4V,reproductive,/home/asunkari/ros-worm/openworm_geometry/object_stls_repaired_meshfix_defective/stl/Gonadal_Sheath_A4V.stl,1504,1504,0,0.0068031074479222,-1.5865869522094729,-0.56890469789505,0.1437451094388961,-1.0924838781356812,-0.2915327847003937,0.1369419991970062,0.4941030740737915,0.2773719131946563,False,True,True,1504
Gonadal_Sheath_A3R,Gonadal_Sheath_A3R,reproductive,/home/asunkari/ros-worm/openworm_geometry/object_stls_repaired_meshfix_defective/stl/Gonadal_Sheath_A3R.stl,1760,1760,0,0.0121775493025779,-2.067671298980713,-0.3547675907611847,0.0792859941720962,-1.516860008239746,0.0712370201945304,0.0671084448695182,0.5508112907409668,0.4260046184062958,False,True,True,1760
Gonadal_Sheath_A2R,Gonadal_Sheath_A2R,reproductive,/home/asunkari/ros-worm/openworm_geometry/object_stls_repaired_meshfix_defective/stl/Gonadal_Sheath_A2R.stl,2208,2208,0,0.0023038126528263,-2.265810012817383,-0.0384285375475883,0.0689335837960243,-1.997477889060974,0.2027007043361663,0.0666297674179077,0.2683321237564087,0.2411292493343353,False,True,True,2208
Gonadal_Sheath_A1R,Gonadal_Sheath_A1R,reproductive,/home/asunkari/ros-worm/openworm_geometry/object_stls_repaired_meshfix_defective/stl/Gonadal_Sheath_A1R.stl,6256,6256,0,0.005824077874422,-2.264348030090332,-0.4441430866718292,0.0841255486011505,-0.0531853735446929,0.2995389699935913,0.0783014744520187,2.211162567138672,0.7436820268630981,False,True,True,6256
ut2_Ant,ut2_Ant,reproductive,/home/asunkari/ros-worm/openworm_geometry/object_stls_repaired_meshfix_defective/stl/ut2_Ant.stl,2048,2048,0,-0.2343386560678482,0.0968548655509948,-0.3665443956851959,0.2096683084964752,0.3634616732597351,-0.0987553969025611,0.4440069794654846,0.2666068077087402,0.2677890062332153,False,True,True,2048
vulA,vulA,reproductive,/home/asunkari/ros-worm/openworm_geometry/object_stls_repaired_meshfix_defective/stl/vulA.stl,1280,1280,0,-0.14661306142807,0.3945460915565491,-0.2926172912120819,0.1468788683414459,0.7408710718154907,-0.0974522605538368,0.293491929769516,0.3463249802589416,0.1951650381088256,False,True,True,1280
vulB1,vulB1,reproductive,/home/asunkari/ros-worm/openworm_geometry/object_stls_repaired_meshfix_defective/stl/vulB1.stl,1280,1280,0,-0.1475142985582351,0.4352706372737884,-0.2543108761310577,0.1421586275100708,0.6849634647369385,-0.1118719652295112,0.2896729111671448,0.24969282746315,0.142438918352127,False,True,True,1280
vulB2,vulB2,reproductive,/home/asunkari/ros-worm/openworm_geometry/object_stls_repaired_meshfix_defective/stl/vulB2.stl,1280,1280,0,-0.1435112059116363,0.4603659808635711,-0.2287409454584121,0.1412198096513748,0.6460680365562439,-0.1218664348125457,0.2847310304641723,0.1857020556926727,0.1068745106458664,False,True,True,1280
vulC,vulC,reproductive,/home/asunkari/ros-worm/openworm_geometry/object_stls_repaired_meshfix_defective/stl/vulC.stl,1280,1280,0,-0.1239818036556243,0.4700693786144256,-0.2164430022239685,0.1223780512809753,0.6307457089424133,-0.1239712312817573,0.2463598549365997,0.1606763303279876,0.0924717709422111,False,True,True,1280
vulD,vulD,reproductive,/home/asunkari/ros-worm/openworm_geometry/object_stls_repaired_meshfix_defective/stl/vulD.stl,1280,1280,0,-0.1030984744429588,0.48108971118927,-0.2033213078975677,0.1019135937094688,0.6147989630699158,-0.1263695359230041,0.2050120681524276,0.1337092518806457,0.0769517719745636,False,True,True,1280
vulE,vulE,reproductive,/home/asunkari/ros-worm/openworm_geometry/object_stls_repaired_meshfix_defective/stl/vulE.stl,2560,2560,0,-0.2575996220111847,0.4498293995857239,-0.1829266548156738,0.2452397644519806,0.5827397704124451,0.0016150074079632,0.5028393864631653,0.1329103708267212,0.1845416575670242,False,True,True,2560
vulF,vulF,reproductive,/home/asunkari/ros-worm/openworm_geometry/object_stls_repaired_meshfix_defective/stl/vulF.stl,1280,1280,0,-0.0584717616438865,0.5101591944694519,-0.1714110374450683,0.0600256361067295,0.5705937743186951,-0.1356621533632278,0.1184974014759063,0.0604345798492431,0.0357488840818405,False,True,True,1280
ut3_Post,ut3_Post,reproductive,/home/asunkari/ros-worm/openworm_geometry/object_stls_repaired_meshfix_defective/stl/ut3_Post.stl,1536,1536,0,-0.2280778437852859,0.9704028964042664,0.0427881069481372,0.201283723115921,1.1531778573989868,0.2165208607912063,0.4293615818023681,0.1827749609947204,0.1737327575683593,False,True,True,1536
ut2_Post,ut2_Post,reproductive,/home/asunkari/ros-worm/openworm_geometry/object_stls_repaired_meshfix_defective/stl/ut2_Post.stl,2048,2048,0,-0.2302731573581695,0.7306719422340393,-0.036930464208126,0.2061995565891266,0.9919353723526,0.2137498259544372,0.4364727139472961,0.2612634301185608,0.2506802976131439,False,True,True,2048
ut1_Post,ut1_Post,reproductive,/home/asunkari/ros-worm/openworm_geometry/object_stls_repaired_meshfix_defective/stl/ut1_Post.stl,4416,4416,0,-0.237314686179161,0.5088173151016235,-0.1310653686523437,0.2135739773511886,0.7840669751167297,0.1191065609455108,0.4508886635303497,0.2752496600151062,0.2501719295978546,False,True,True,4416
ut1_Ant,ut1_Ant,reproductive,/home/asunkari/ros-worm/openworm_geometry/object_stls_repaired_meshfix_defective/stl/ut1_Ant.stl,4096,4096,0,-0.2371372133493423,0.2962839603424072,-0.2637423872947693,0.2017842531204223,0.5214601755142212,-0.0533159784972667,0.4389214515686035,0.2251762151718139,0.2104264050722122,False,True,True,4096
ut3_Ant,ut3_Ant,reproductive,/home/asunkari/ros-worm/openworm_geometry/object_stls_repaired_meshfix_defective/stl/ut3_Ant.stl,2016,2016,0,-0.2087616324424743,-0.0432494841516017,-0.4336431622505188,0.2041654586791992,0.154997706413269,-0.1927588880062103,0.4129270911216736,0.1982471942901611,0.2408842742443084,True,True,True,2050
ut4_Post,ut4_Post,reproductive,/home/asunkari/ros-worm/openworm_geometry/object_stls_repaired_meshfix_defective/stl/ut4_Post.stl,1536,1536,0,-0.2168009132146835,1.1526015996932983,0.0810408219695091,0.0026150047779083,1.3262805938720703,0.2304826378822326,0.2194159179925918,0.1736789941787719,0.1494418084621429,False,True,True,1536
ut4_Ant,ut4_Ant,reproductive,/home/asunkari/ros-worm/openworm_geometry/object_stls_repaired_meshfix_defective/stl/ut4_Ant.stl,1152,1152,0,-0.0814871937036514,-0.2158076912164688,-0.490657776594162,0.168356254696846,0.0035795229487121,-0.2758150398731231,0.2498434484004974,0.2193872183561325,0.2148427367210388,False,True,True,1152
Sp_Ut_Valve_Post,Sp_Ut_Valve_Post,other-cell/anatomy,/home/asunkari/ros-worm/openworm_geometry/object_stls_repaired_meshfix_defective/stl/Sp_Ut_Valve_Post.stl,1152,1152,0,-0.1901631653308868,1.3247458934783936,0.0812882930040359,-0.0137051120400428,1.4157578945159912,0.2320515364408493,0.1764580607414245,0.0910120010375976,0.1507632434368133,False,True,True,1152
Sp_Ut_Valve_Ant,Sp_Ut_Valve_Ant,other-cell/anatomy,/home/asunkari/ros-worm/openworm_geometry/object_stls_repaired_meshfix_defective/stl/Sp_Ut_Valve_Ant.stl,1152,1152,0,0.0084222182631492,-0.3103788197040558,-0.5262801647186279,0.144178882241249,-0.1976539492607116,-0.3469836711883545,0.1357566714286804,0.1127248704433441,0.1792964935302734,False,True,True,1152
Gonadal_Sheath_P5V,Gonadal_Sheath_P5V,reproductive,/home/asunkari/ros-worm/openworm_geometry/object_stls_repaired_meshfix_defective/stl/Gonadal_Sheath_P5V.stl,2480,2480,0,-0.1825266182422638,1.7776846885681152,-0.0390208847820758,-0.0459025278687477,2.238072395324707,0.1504694819450378,0.1366240978240966,0.4603877067565918,0.1894903630018234,False,True,True,2480
Oocyte_Post_8,Oocyte_Post_8,reproductive,/home/asunkari/ros-worm/openworm_geometry/object_stls_repaired_meshfix_defective/stl/Oocyte_Post_8.stl,896,896,0,-0.1163372546434402,3.158505916595459,-0.1742006093263626,-0.0302158407866954,3.334200143814087,-0.0634733811020851,0.0861214101314544,0.1756942272186279,0.1107272282242775,False,True,True,896
Oocyte_Post_7,Oocyte_Post_7,reproductive,/home/asunkari/ros-worm/openworm_geometry/object_stls_repaired_meshfix_defective/stl/Oocyte_Post_7.stl,704,704,0,-0.1197613999247551,2.9785032272338867,-0.1926811933517456,-0.0328281633555889,3.158356189727783,-0.0736368000507354,0.0869332402944564,0.1798529624938964,0.1190443933010101,False,True,True,704
Oocyte_Post_6,Oocyte_Post_6,reproductive,/home/asunkari/ros-worm/openworm_geometry/object_stls_repaired_meshfix_defective/stl/Oocyte_Post_6.stl,704,704,0,-0.1343710273504257,2.809642791748047,-0.1918026059865951,-0.0321760214865207,2.9790871143341064,-0.0502391159534454,0.1021950095891952,0.1694443225860595,0.1415634900331497,False,True,True,704
Oocyte_Post_5,Oocyte_Post_5,reproductive,/home/asunkari/ros-worm/openworm_geometry/object_stls_repaired_meshfix_defective/stl/Oocyte_Post_5.stl,704,704,0,-0.1651024371385574,2.571505069732666,-0.1641624271869659,-0.0390673503279686,2.811882734298706,-0.0059729507192969,0.1260350942611694,0.24037766456604,0.1581894755363464,False,True,True,704
Oocyte_Post_4,Oocyte_Post_4,reproductive,/home/asunkari/ros-worm/openworm_geometry/object_stls_repaired_meshfix_defective/stl/Oocyte_Post_4.stl,704,704,0,-0.1706720143556594,2.34740686416626,-0.1234699860215187,-0.0519082024693489,2.576709985733032,0.068394124507904,0.1187638118863105,0.2293031215667724,0.1918641030788421,False,True,True,704
Oocyte_Post_3,Oocyte_Post_3,reproductive,/home/asunkari/ros-worm/openworm_geometry/object_stls_repaired_meshfix_defective/stl/Oocyte_Post_3.stl,704,704,0,-0.1720311939716339,2.1695661544799805,-0.0503427684307098,-0.0505490116775035,2.3661320209503174,0.1243777871131897,0.12148217856884,0.1965658664703369,0.1747205555438995,False,True,True,704
Oocyte_Post_2,Oocyte_Post_2,reproductive,/home/asunkari/ros-worm/openworm_geometry/object_stls_repaired_meshfix_defective/stl/Oocyte_Post_2.stl,704,704,0,-0.1672634780406952,2.00830626487732,-0.0007164250127971,-0.0593530535697937,2.183614730834961,0.1652137488126754,0.1079104244709014,0.1753084659576416,0.1659301668405532,False,True,True,704
Oocyte_Post_1,Oocyte_Post_1,reproductive,/home/asunkari/ros-worm/openworm_geometry/object_stls_repaired_meshfix_defective/stl/Oocyte_Post_1.stl,704,704,0,-0.1790047585964203,1.8479692935943604,0.047502901405096,-0.0517333373427391,2.021068334579468,0.2052545249462127,0.1272714138031005,0.1730990409851074,0.1577516198158264,False,True,True,704
Oocyte_Ant_10,Oocyte_Ant_10,reproductive,/home/asunkari/ros-worm/openworm_geometry/object_stls_repaired_meshfix_defective/stl/Oocyte_Ant_10.stl,704,704,0,0.0125952512025833,-2.1627352237701416,-0.0206655021756887,0.1216475516557693,-2.005422115325928,0.1369937807321548,0.109052300453186,0.1573131084442138,0.1576592773199081,False,True,True,704
Oocyte_Ant_9,Oocyte_Ant_9,reproductive,/home/asunkari/ros-worm/openworm_geometry/object_stls_repaired_meshfix_defective/stl/Oocyte_Ant_9.stl,704,704,0,0.0191607102751731,-2.049253463745117,-0.1169948875904083,0.1250087767839431,-1.8757200241088867,0.059234581887722,0.1058480665087699,0.1735334396362304,0.1762294769287109,False,True,True,704
Oocyte_Ant_8,Oocyte_Ant_8,reproductive,/home/asunkari/ros-worm/openworm_geometry/object_stls_repaired_meshfix_defective/stl/Oocyte_Ant_8.stl,704,704,0,0.0254666842520236,-1.917420744895935,-0.2049655318260193,0.1277118027210235,-1.733947515487671,-0.0311786737293005,0.1022451221942901,0.1834732294082641,0.1737868636846542,False,True,True,704
Oocyte_Ant_7,Oocyte_Ant_7,reproductive,/home/asunkari/ros-worm/openworm_geometry/object_stls_repaired_meshfix_defective/stl/Oocyte_Ant_7.stl,704,704,0,0.025969460606575,-1.7737776041030884,-0.3272567689418793,0.1312460005283355,-1.5339523553848269,-0.1145524010062217,0.1052765399217605,0.2398252487182617,0.2127043604850769,False,True,True,704
Oocyte_Ant_6,Oocyte_Ant_6,reproductive,/home/asunkari/ros-worm/openworm_geometry/object_stls_repaired_meshfix_defective/stl/Oocyte_Ant_6.stl,704,704,0,0.0182102434337139,-1.571086287498474,-0.4156499207019806,0.1319547742605209,-1.3486942052841189,-0.2316127866506576,0.1137445271015167,0.2223920822143554,0.1840371340513229,False,True,True,704
Oocyte_Ant_5,Oocyte_Ant_5,reproductive,/home/asunkari/ros-worm/openworm_geometry/object_stls_repaired_meshfix_defective/stl/Oocyte_Ant_5.stl,704,704,0,0.0204173400998115,-1.3810853958129885,-0.4778554737567901,0.1405806839466095,-1.2169398069381714,-0.3160255849361419,0.1201633438467979,0.1641455888748169,0.1618298888206482,False,True,True,704
Oocyte_Ant_4,Oocyte_Ant_4,reproductive,/home/asunkari/ros-worm/openworm_geometry/object_stls_repaired_meshfix_defective/stl/Oocyte_Ant_4.stl,704,704,0,0.022767636924982,-1.247501015663147,-0.5438602566719055,0.1404181718826294,-1.0865843296051023,-0.3753915131092071,0.1176505386829376,0.1609166860580444,0.1684687435626983,False,True,True,704
Oocyte_Ant_3,Oocyte_Ant_3,reproductive,/home/asunkari/ros-worm/openworm_geometry/object_stls_repaired_meshfix_defective/stl/Oocyte_Ant_3.stl,704,704,0,0.0342377685010433,-1.0995672941207886,-0.5664820075035095,0.1431327313184738,-0.9337642192840576,-0.4334971010684967,0.1088949590921402,0.1658030748367309,0.1329849064350128,False,True,True,704
Oocyte_Ant_2,Oocyte_Ant_2,reproductive,/home/asunkari/ros-worm/openworm_geometry/object_stls_repaired_meshfix_defective/stl/Oocyte_Ant_2.stl,704,704,0,0.0310432612895965,-0.9403170347213744,-0.5843542814254761,0.1367651969194412,-0.775441586971283,-0.4535689055919647,0.1057219356298446,0.1648754477500915,0.1307853758335113,False,True,True,704
Oocyte_Ant_1,Oocyte_Ant_1,reproductive,/home/asunkari/ros-worm/openworm_geometry/object_stls_repaired_meshfix_defective/stl/Oocyte_Ant_1.stl,704,704,0,0.0259080994874238,-0.7755047678947449,-0.5840535759925842,0.1303526759147644,-0.6101052761077881,-0.4523289799690246,0.1044445782899856,0.1653994917869568,0.1317245960235595,False,True,True,704
Gonadal_Sheath_A5V,Gonadal_Sheath_A5V,reproductive,/home/asunkari/ros-worm/openworm_geometry/object_stls_repaired_meshfix_defective/stl/Gonadal_Sheath_A5V.stl,2272,2272,0,0.0106180226430296,-1.106736660003662,-0.5972837805747986,0.1447308957576751,-0.5336088538169861,-0.4725261032581329,0.1341128796339035,0.573127806186676,0.1247576773166656,False,True,True,2272
