axis,radius_units,radius_um,count
-3.5724319553375246,0.05105810215577107,5.105810215577107,406
-3.544805746078491,0.06994328998293411,6.994328998293412,114
-3.517179536819458,0.07178172613644426,7.178172613644426,96
-3.489553327560425,0.09604437591712142,9.604437591712141,77
-3.4619271183013915,0.08891852304849572,8.891852304849571,69
-3.434300909042358,0.09609049437083748,9.609049437083748,70
-3.4066746997833253,0.10184886830378546,10.184886830378547,61
-3.3790484905242923,0.12571412241351687,12.571412241351688,59
-3.3514222812652585,0.11575969514495346,11.575969514495347,57
-3.3237960720062256,0.11803909599631836,11.803909599631837,48
-3.2961698627471927,0.14587148896770652,14.587148896770652,47
-3.268543653488159,0.14797463193280747,14.797463193280747,42
-3.240917444229126,0.1467119275925132,14.67119275925132,34
-3.213291234970093,0.16262000796882498,16.262000796882496,36
-3.1856650257110593,0.1651213865166609,16.51213865166609,31
-3.1580388164520263,0.1546340799758237,15.46340799758237,32
-3.1304126071929934,0.15122836957803001,15.122836957803,30
-3.1027863979339596,0.1658128664397183,16.58128664397183,30
-3.0751601886749267,0.16298628835608825,16.298628835608824,27
-3.0475339794158938,0.1938382427323257,19.38382427323257,18
-3.01990777015686,0.17415160400492283,17.415160400492283,21
-2.992281560897827,0.21585774260489748,21.58577426048975,27
-2.964655351638794,0.18577829583531766,18.577829583531766,25
-2.9370291423797603,0.212777897922411,21.2777897922411,23
-2.9094029331207274,0.1895159587038101,18.95159587038101,15
-2.8817767238616945,0.21125072373245152,21.125072373245153,26
-2.854150514602661,0.19420852701271377,19.420852701271375,24
-2.8265243053436278,0.25538726224375685,25.538726224375687,21
-2.798898096084595,0.23545086764336567,23.545086764336567,20
-2.771271886825562,0.3132295922537019,31.32295922537019,28
-2.743645677566528,0.28023765305377185,28.023765305377186,32
-2.716019468307495,0.33953392048585207,33.95339204858521,34
-2.6883932590484623,0.39765138070810296,39.765138070810295,50
-2.6607670497894285,0.39862339018292525,39.86233901829252,62
-2.6331408405303955,0.0996648302433371,9.96648302433371,236
-2.6055146312713626,0.11349946588806152,11.349946588806151,237
-2.577888422012329,0.4125464228071728,41.25464228071728,46
-2.550262212753296,0.3165282901028944,31.65282901028944,28
-2.522636003494263,0.3025164829180171,30.251648291801708,24
-2.495009794235229,0.2320695592578574,23.206955925785742,21
-2.4673835849761963,0.2785001780923546,27.85001780923546,28
-2.4397573757171633,0.27921393349262746,27.921393349262747,19
-2.4121311664581295,0.29586459832463113,29.586459832463113,20
-2.3845049571990966,0.24888268508296585,24.888268508296584,27
-2.3568787479400637,0.2896263232841867,28.96263232841867,19
-2.32925253868103,0.33724214820561205,33.7242148205612,22
-2.301626329421997,0.26588720312596253,26.588720312596255,20
-2.274000120162964,0.34921021325230317,34.92102132523031,13
-2.2463739109039302,0.27126784375000695,27.126784375000696,28
-2.2187477016448973,0.3540707887429831,35.40707887429831,17
-2.1911214923858644,0.3659764931676293,36.59764931676293,16
-2.163495283126831,0.28027864749809694,28.027864749809694,22
-2.1358690738677977,0.28139215495864134,28.139215495864136,16
-2.1082428646087648,0.28035931737881403,28.035931737881402,22
-2.080616655349732,0.3186932286671964,31.869322866719642,10
-2.052990446090698,0.28255116615496423,28.255116615496423,21
-2.025364236831665,0.3258161981271075,32.58161981271075,13
-1.997738027572632,0.3414606204144379,34.14606204144379,21
-1.9701118183135986,0.3190575056066321,31.90575056066321,11
-1.9424856090545655,0.36073300433687544,36.07330043368754,19
-1.914859399795532,0.2858414013880757,28.58414013880757,11
-1.8872331905364992,0.35122632561012485,35.12263256101249,21
-1.8596069812774658,0.3572719598863632,35.72719598863632,16
-1.8319807720184325,0.3501392907091685,35.01392907091685,20
-1.8043545627593995,0.3221716696092679,32.21716696092679,4
-1.7767283535003662,0.2942040485093669,29.420404850936688,25
-1.7491021442413328,0.426369636521735,42.6369636521735,8
-1.7214759349823,0.36668728649642907,36.66872864964291,20
-1.6938497257232665,0.292819208006881,29.2819208006881,14
-1.6662235164642334,0.3145471962540465,31.45471962540465,20
-1.6385973072052002,0.32338765793022767,32.338765793022766,7
-1.6109710979461669,0.31944516740433937,31.944516740433937,22
-1.5833448886871337,0.32763376544817574,32.763376544817575,9
-1.5557186794281006,0.3133970477420398,31.33970477420398,20
-1.5280924701690675,0.45478970064328933,45.478970064328934,12
-1.500466260910034,0.38792049624870273,38.79204962487027,16
-1.472840051651001,0.4304945691388324,43.04945691388324,15
-1.4452138423919678,0.364280104869557,36.4280104869557,17
-1.4175876331329345,0.386773463167617,38.6773463167617,16
-1.3899614238739013,0.3335780883267696,33.35780883267696,18
-1.3623352146148682,0.45096963666251905,45.0969636662519,14
-1.3347090053558348,0.3666650629983857,36.66650629983857,18
-1.3070827960968017,0.36574025405966215,36.57402540596622,13
-1.2794565868377685,0.3160948195025454,31.60948195025454,19
-1.2518303775787354,0.30846420182616274,30.846420182616274,13
-1.2242041683197022,0.30865059019065944,30.865059019065942,15
-1.1965779590606689,0.2933315462686669,29.33315462686669,22
-1.1689517498016357,0.34733066512221794,34.7330665122218,15
-1.1413255405426026,0.4334298744842456,43.34298744842456,15
-1.1136993312835692,0.2758389309552868,27.583893095528676,23
-1.086073122024536,0.27570046873562093,27.57004687356209,8
-1.058446912765503,0.339813645970034,33.9813645970034,28
-1.0308207035064696,0.33124360194226443,33.12436019422644,10
-1.0031944942474365,0.3482202003661744,34.82202003661744,22
-0.9755682849884033,0.3392005856533472,33.92005856533472,18
-0.94794207572937,0.3725130033502439,37.25130033502439,18
-0.9203158664703368,0.33645616135401474,33.645616135401475,14
-0.8926896572113037,0.2750984418699042,27.509844186990417,26
-0.8650634479522705,0.4730625981200804,47.30625981200804,14
-0.8374372386932374,0.3121733358451501,31.21733358451501,23
-0.809811029434204,0.290197214849902,29.019721484990203,26
-0.7821848201751709,0.34961727743908944,34.961727743908945,10
-0.7545586109161377,0.27908360493218315,27.908360493218314,24
-0.7269324016571044,0.43393909378414186,43.393909378414186,12
-0.6993061923980712,0.3446013644482813,34.46013644482813,24
-0.6716799831390381,0.33949548866474966,33.94954886647496,27
-0.6440537738800047,0.5019010878419786,50.19010878419786,9
-0.6164275646209716,0.3287545862270876,32.875458622708756,25
-0.5888013553619384,0.4443788962871238,44.43788962871238,15
-0.5611751461029053,0.33082994463215426,33.08299446321543,21
-0.5335489368438722,0.44662573006143963,44.662573006143965,14
-0.5059227275848388,0.32691674328339626,32.69167432833962,16
-0.47829651832580566,0.33690000429103023,33.69000042910302,18
-0.4506703090667725,0.4336793760798858,43.36793760798858,20
-0.42304409980773916,0.3189739763902045,31.897397639020454,12
-0.395417890548706,0.37786008316924424,37.78600831692442,14
-0.3677916812896729,0.35035059636385596,35.0350596363856,18
-0.3401654720306395,0.3563153476863662,35.63153476863662,10
-0.3125392627716064,0.32922704309177736,32.92270430917774,20
-0.28491305351257323,0.36815544654821214,36.81554465482122,12
-0.25728684425353987,0.31756137607257884,31.756137607257884,16
-0.22966063499450673,0.3968867072514357,39.688670725143574,16
-0.2020344257354736,0.4079938576611532,40.79938576611532,13
-0.17440821647644045,0.5293709966248372,52.937099662483725,15
-0.1467820072174073,0.35156199222330065,35.156199222330066,15
-0.11915579795837394,0.45153159282088984,45.153159282088986,16
-0.0915295886993408,0.3712033363565273,37.12033363565273,14
-0.06390337944030766,0.4194001365400127,41.94001365400127,15
-0.0362771701812743,0.35793116644936135,35.793116644936134,15
-0.008650960922241158,0.40221763745356637,40.22176374535664,15
0.018975248336791983,0.3585085157593467,35.85085157593467,15
0.046601457595825346,0.35778464417476025,35.77846441747602,17
0.07422766685485849,0.37560357317262033,37.56035731726203,16
0.10185387611389163,0.3483864499166001,34.83864499166001,14
0.12948008537292477,0.4510673866688735,45.10673866688735,18
0.1571062946319579,0.47708196497796396,47.70819649779639,19
0.18473250389099127,0.42452262919710854,42.452262919710854,22
0.21235871315002441,0.32208618583686566,32.208618583686565,9
0.23998492240905756,0.41082798296522754,41.08279829652275,23
0.2676111316680909,0.47894661565213376,47.894661565213376,11
0.29523734092712406,0.33711900319116606,33.71190031911661,29
0.3228635501861572,0.4552136973992848,45.52136973992848,18
0.35048975944519056,0.3788119103386524,37.88119103386524,22
0.3781159687042237,0.3866041550372112,38.66041550372112,25
0.4057421779632566,0.3910280189131945,39.10280189131945,27
0.43336838722229,0.43218974428423207,43.21897442842321,26
0.46099459648132335,0.3351864446600518,33.518644466005185,32
0.48862080574035627,0.38831967929970945,38.83196792997094,35
0.5162470149993896,0.5303522298276497,53.03522298276497,49
0.543873224258423,0.5721751131201157,57.217511312011574,65
0.5714994335174559,0.5389604989210535,53.896049892105346,89
0.5991256427764893,0.4468387963195002,44.68387963195002,71
0.6267518520355226,0.5887045706105694,58.87045706105694,61
0.6543780612945556,0.5125256928961242,51.25256928961242,30
0.6820042705535889,0.40708080834509514,40.708080834509516,25
0.7096304798126223,0.4121582798713162,41.21582798713162,13
0.7372566890716552,0.3520232592677466,35.202325926774655,20
0.7648828983306886,0.5536313245043067,55.363132450430676,11
0.7925091075897219,0.3420304486222019,34.20304486222019,21
0.8201353168487548,0.2975637884680614,29.756378846806143,16
0.8477615261077882,0.29521248878808143,29.521248878808144,18
0.8753877353668216,0.32605055724211873,32.60505572421187,12
0.9030139446258545,0.3844618063110024,38.44618063110024,19
0.9306401538848879,0.3615564409111131,36.15564409111131,13
0.9582663631439212,0.4309653080946543,43.09653080946543,15
0.9858925724029541,0.32987991824498175,32.987991824498174,16
1.013518781661987,0.28300703406857997,28.300703406858,11
1.0411449909210204,0.3465408301347594,34.65408301347594,19
1.0687712001800538,0.3570026039920681,35.70026039920681,17
1.0963974094390867,0.4229055264034655,42.290552640346554,12
1.12402361869812,0.32233664376040755,32.23366437604076,17
1.1516498279571534,0.44158662806574217,44.15866280657422,11
1.1792760372161863,0.3273362091019434,32.73362091019434,17
1.2069022464752197,0.2832268087416069,28.32268087416069,7
1.234528455734253,0.2826491890544839,28.26491890544839,24
1.262154664993286,0.3620661554355775,36.20661554355775,6
1.2897808742523194,0.28286722100581596,28.286722100581596,32
1.3174070835113527,0.282558193871221,28.2558193871221,0
1.3450332927703856,0.2822491667366261,28.22491667366261,20
1.372659502029419,0.2844407143632787,28.44407143632787,12
1.4002857112884524,0.29668646074670674,29.668646074670672,12
1.4279119205474853,0.37323230020484044,37.32323002048405,18
1.4555381298065186,0.3889595990291455,38.89595990291455,10
1.483164339065552,0.3307804031199589,33.078040311995885,22
1.510790548324585,0.4971622628529361,49.71622628529361,9
1.5384167575836183,0.3584998056572915,35.84998056572915,24
1.5660429668426517,0.24435196926013636,24.435196926013635,11
1.5936691761016846,0.3108915131193145,31.089151311931452,13
1.621295385360718,0.286100770241997,28.610077024199697,14
1.6489215946197513,0.37165064682903143,37.16506468290314,12
1.6765478038787842,0.3533206174200987,35.33206174200987,16
1.7041740131378176,0.40933908621706916,40.93390862170692,16
1.731800222396851,0.3363527654942793,33.63527654942793,13
1.7594264316558839,0.42363598717321227,42.363598717321224,15
1.7870526409149168,0.28694137905277833,28.694137905277834,13
1.8146788501739501,0.2878370055446919,28.78370055446919,19
1.8423050594329835,0.29628243794746045,29.628243794746044,7
1.8699312686920164,0.38958674341848165,38.958674341848166,19
1.8975574779510498,0.36469530603180317,36.46953060318032,13
1.9251836872100831,0.4669057563821544,46.69057563821544,11
1.952809896469116,0.29181823469194146,29.181823469194146,18
1.9804361057281494,0.34314374279712406,34.3143742797124,10
2.008062314987183,0.3648779595322989,36.48779595322989,18
2.0356885242462157,0.32149205767810735,32.149205767810734,8
2.063314733505249,0.43173672681517994,43.17367268151799,17
2.0909409427642824,0.34966044070889907,34.96604407088991,11
2.1185671520233154,0.29212611827167906,29.212611827167905,18
2.1461933612823487,0.4589414753017119,45.89414753017119,9
2.173819570541382,0.33040911498408154,33.04091149840816,17
2.201445779800415,0.2892241102575793,28.92241102575793,13
2.2290719890594484,0.33974131227588483,33.97413122758849,5
2.2566981983184817,0.2891295701265335,28.91295701265335,21
2.2843244075775146,0.29415360470797347,29.415360470797346,13
2.311950616836548,0.31827091060976204,31.827091060976205,13
2.3395768260955814,0.28427674665753755,28.427674665753756,20
2.3672030353546143,0.3283960439316302,32.83960439316302,8
2.3948292446136477,0.3999882626437182,39.998826264371814,17
2.422455453872681,0.31894966051572465,31.894966051572464,9
2.450081663131714,0.4419009425742686,44.19009425742686,11
2.477707872390747,0.2748033391810282,27.48033391810282,18
2.50533408164978,0.4069635388830782,40.69635388830782,12
2.5329602909088136,0.38894390982151433,38.894390982151435,18
2.5605865001678465,0.2664291607640103,26.64291607640103,10
2.58821270942688,0.4188533732134703,41.88533732134703,20
2.6158389186859132,0.26233297820245227,26.233297820245227,8
2.643465127944946,0.25975461301457,25.975461301457,18
2.6710913372039795,0.28335429701706816,28.335429701706815,10
2.698717546463013,0.2536821452752568,25.36821452752568,18
2.726343755722046,0.3410909072351095,34.109090723510946,9
2.753969964981079,0.2691279734733659,26.912797347336593,13
2.7815961742401125,0.3630551865373063,36.30551865373063,19
2.8092223834991454,0.24227528695288605,24.227528695288605,12
2.836848592758179,0.24248875818304533,24.248875818304533,19
2.864474802017212,0.2502102043628511,25.021020436285106,12
2.892101011276245,0.3577141723395585,35.77141723395585,14
2.9197272205352784,0.3054150010942296,30.54150010942296,15
2.947353429794312,0.3526805135985762,35.26805135985762,13
2.9749796390533447,0.26570574898207383,26.570574898207383,17
3.002605848312378,0.33971780977205407,33.971780977205405,12
3.0302320575714115,0.2722611464091703,27.226114640917032,19
3.0578582668304444,0.2798945758629672,27.989457586296716,17
3.0854844760894777,0.2921904696913643,29.219046969136432,14
3.113110685348511,0.28709140077498707,28.709140077498706,17
3.140736894607544,0.31339088083090183,31.339088083090182,13
3.168363103866577,0.2786723970440851,27.867239704408508,19
3.1959893131256103,0.2738605490042937,27.386054900429368,19
3.2236155223846437,0.2726749956570697,27.26749956570697,12
3.2512417316436766,0.2084150389623558,20.84150389623558,32
3.27886794090271,0.2073477477180048,20.73477477180048,4
3.3064941501617433,0.2062804564736538,20.628045647365383,24
3.3341203594207762,0.22034419429425778,22.03441942942578,14
3.3617465686798096,0.2743360113110969,27.433601131109693,23
3.389372777938843,0.23714425777059617,23.714425777059617,21
3.416998987197876,0.32995367837783235,32.995367837783235,17
3.4446251964569092,0.24121409121347281,24.12140912134728,27
3.4722514057159426,0.2555567838130392,25.55567838130392,15
3.4998776149749755,0.23132436086656732,23.132436086656732,25
3.527503824234009,0.22146590080761497,22.1465900807615,21
3.5551300334930422,0.2746534157227273,27.465341572272727,18
3.582756242752075,0.19243295193096485,19.243295193096486,25
3.6103824520111085,0.188707508746536,18.8707508746536,20
3.638008661270142,0.20158812336329685,20.158812336329685,22
3.665634870529175,0.1856294139835061,18.56294139835061,25
3.693261079788208,0.21637217397938632,21.63721739793863,18
3.7208872890472415,0.17633825091035712,17.633825091035714,23
3.7485134983062744,0.21302714071835768,21.30271407183577,23
3.776139707565308,0.21663745823179728,21.663745823179728,23
3.803765916824341,0.17522617207462665,17.522617207462666,27
3.831392126083374,0.18856790382345043,18.856790382345043,23
3.859018335342407,0.15904053944978244,15.904053944978244,25
3.8866445446014404,0.1519925467627512,15.199254676275121,26
3.9142707538604737,0.1721599430133154,17.215994301331538,34
3.9418969631195067,0.1513909801024994,15.13909801024994,33
3.96952317237854,0.16003242698084438,16.00324269808444,34
3.9971493816375734,0.18320244287630774,18.320244287630775,52
4.024775590896606,0.20698694722408376,20.698694722408376,78
4.052401800155639,0.16140865953037817,16.140865953037817,232
4.080028009414673,0.14407390350102334,14.407390350102334,223
4.107654218673706,0.11667935997413996,11.667935997413997,64
4.13528042793274,0.09972783106884288,9.972783106884288,50
4.162906637191773,0.08175328151678384,8.175328151678384,49
4.190532846450806,0.08389197912744494,8.389197912744493,51
4.2181590557098385,0.06807809676023942,6.8078096760239415,63
4.245785264968872,0.057152323413834735,5.715232341383474,69
4.273411474227905,0.05214665936297678,5.214665936297678,71
4.301037683486939,0.05038431007180357,5.038431007180357,48
4.328663892745972,0.04733162285671444,4.733162285671444,52
4.356290102005005,0.045176144591059675,4.5176144591059675,37
4.383916311264038,0.0424163443537506,4.24163443537506,30
4.411542520523071,0.03575280627200645,3.575280627200645,28
4.4391687297821045,0.031337275675085145,3.1337275675085143,27
4.466794939041138,0.023944004786638752,2.3944004786638753,34
4.494421148300171,0.021310407005635405,2.1310407005635406,27
4.522047357559204,0.029275624888208188,2.927562488820819,30
4.549673566818237,0.03520672204900624,3.520672204900624,28
4.57729977607727,0.0330420683680974,3.30420683680974,38
4.604925985336304,0.028504011811381482,2.850401181138148,38
4.632552194595338,0.01514069934723427,1.514069934723427,59
4.6601784038543705,0.013459751092084346,1.3459751092084347,89
4.6878046131134035,0.01461264347971083,1.461264347971083,250
